config/train_loop_config/dataset_test_round,config/train_loop_config/learning_rate,config/train_loop_config/dropout_rate_normal,config/train_loop_config/dropout_rate_attention,config/train_loop_config/weight_decay,config/train_loop_config/batch_size,average_inner_es_loss,average_inner_es_accuracy,average_inner_es_precision,average_inner_es_recall,average_inner_es_specificity,average_inner_es_f1_score,average_inner_es_mcc,average_inner_es_auroc,average_inner_es_auprc,average_inner_es_true_positives,average_inner_es_false_negatives,average_inner_es_false_positives,average_inner_es_true_negatives,average_val_loss,average_val_accuracy,average_val_precision,average_val_recall,average_val_specificity,average_val_f1_score,average_val_mcc,average_val_auroc,average_val_auprc,average_val_true_positives,average_val_false_negatives,average_val_false_positives,average_val_true_negatives
3,0.0001,0.2,0.4,0.0001,689,0.2703889548778534,0.8973737478256225,0.88789004,0.925649,0.8658702,0.90524244,0.79627603,0.9390432,0.9312309,18.0,2.8,1.8,22.2,0.28021121919155123,0.8807792067527771,0.87814236,0.90321076,0.8617237,0.8879918,0.7652583,0.9453723,0.9348173,22.2,3.8,2.8,26.4
2,0.0001,0.2,0.4,0.0001,689,0.25694262981414795,0.8884848594665528,0.8538581,0.9361472,0.83857936,0.8930195,0.77989435,0.9579485,0.951717,18.4,3.6,1.4,21.4,0.28969039022922516,0.8951948046684265,0.89662343,0.9149682,0.87242925,0.90515196,0.788545,0.95426226,0.9567935,21.8,3.2,2.6,27.6
1,0.0001,0.2,0.4,0.0001,689,0.30022901594638823,0.8614141464233398,0.88059825,0.85605985,0.86397666,0.86581975,0.72161853,0.933658,0.9183561,18.0,2.8,3.4,20.6,0.29719228744506837,0.8766233801841736,0.8224136,0.9447055,0.80675733,0.8792571,0.7589274,0.92908746,0.8881219,22.8,5.4,1.4,25.6
0,0.0001,0.2,0.4,0.0001,689,0.2464345097541809,0.897474753856659,0.8967265,0.91891974,0.8706152,0.9076015,0.7924062,0.95906734,0.9633533,17.6,2.6,2.0,22.6,0.27248716056346894,0.887597405910492,0.8814985,0.9179632,0.8490531,0.89789355,0.7757006,0.9569055,0.95509875,21.8,3.8,2.4,27.2
4,0.0001,0.2,0.2,0.0001,689,0.299834406375885,0.8306060671806336,0.84007245,0.8413979,0.8210535,0.83982706,0.66175395,0.92858106,0.9335562,17.2,3.8,3.8,20.0,0.29284578263759614,0.8802597284317016,0.84180754,0.9343712,0.8276683,0.88515425,0.7665054,0.95353603,0.9380051,23.0,4.8,1.8,25.6
3,0.0001,0.2,0.2,0.0001,689,0.26409033834934237,0.8973737478256225,0.8893995,0.925649,0.86730564,0.9052628,0.7980766,0.94383985,0.93833625,18.0,2.8,1.8,22.2,0.2743705779314041,0.8699350595474243,0.8753111,0.8825091,0.8617237,0.8764744,0.7431647,0.947756,0.94249505,22.2,3.8,3.4,25.8
2,0.0001,0.2,0.2,0.0001,689,0.2540882438421249,0.8706060647964478,0.8429451,0.9075758,0.82948846,0.8731697,0.7438828,0.95716286,0.9509575,18.2,3.8,2.0,20.8,0.29209110140800476,0.8915584444999695,0.89109755,0.9149682,0.864096,0.90217113,0.78159153,0.9553261,0.9585344,21.6,3.4,2.6,27.6
1,0.0001,0.2,0.2,0.0001,689,0.29287993907928467,0.8703030347824097,0.890972,0.8634672,0.871384,0.87463474,0.7392849,0.9389475,0.9331393,18.2,2.6,3.2,20.8,0.2902232199907303,0.8801948070526123,0.8312233,0.93600976,0.82223356,0.8803903,0.7640402,0.9304678,0.8981783,23.2,5.0,1.6,25.4
0,0.0001,0.2,0.2,0.0001,689,0.24435173869132995,0.9019191980361938,0.8975385,0.9282564,0.8706152,0.9124168,0.8018508,0.9626562,0.96591777,17.6,2.6,1.8,22.8,0.26736360788345337,0.887597405910492,0.8814985,0.9179632,0.8490531,0.89789355,0.7757006,0.95796,0.95676345,21.8,3.8,2.4,27.2
4,0.0001,0.2,0.0,0.0001,689,0.29913818538188935,0.8306060671806336,0.84007245,0.8413979,0.8210535,0.83982706,0.6617539,0.92894876,0.93440455,17.2,3.8,3.8,20.0,0.28969215750694277,0.8875324606895447,0.85270107,0.9343712,0.8417077,0.89129466,0.77960384,0.9533106,0.93808615,23.4,4.4,1.8,25.6
3,0.0001,0.2,0.0,0.0001,689,0.26737627387046814,0.8929293036460877,0.89211816,0.91795665,0.86730564,0.9010178,0.7928468,0.94583046,0.9414395,18.0,2.8,2.0,22.0,0.27244352698326113,0.8698701143264771,0.88088524,0.8760575,0.86781293,0.87559307,0.7436287,0.9477603,0.9430135,22.4,3.6,3.6,25.6
2,0.0001,0.2,0.0,0.0001,689,0.25461438596248626,0.8661616206169128,0.8407711,0.8980519,0.82948846,0.8677152,0.73413754,0.9559644,0.94999295,18.2,3.8,2.2,20.6,0.2936901062726974,0.8842207789421082,0.8746954,0.9210288,0.8383713,0.89687127,0.7660343,0.95452595,0.9572048,21.0,4.0,2.4,27.8
1,0.0001,0.2,0.0,0.0001,689,0.29024187922477723,0.8703030347824097,0.890972,0.8634672,0.871384,0.87463474,0.7392849,0.93645936,0.9319769,18.2,2.6,3.2,20.8,0.28958666920661924,0.8838311672210694,0.8403301,0.92731416,0.8388589,0.8814972,0.769235,0.93192255,0.9002037,23.6,4.6,1.8,25.2
0,0.0001,0.2,0.0,0.0001,689,0.24320532381534576,0.9064646482467651,0.92512256,0.90289414,0.9102825,0.9136095,0.8119465,0.96228045,0.96657693,18.4,1.8,2.4,22.2,0.2660285234451294,0.891233766078949,0.88637245,0.91796315,0.8573864,0.90059745,0.7828147,0.9606291,0.9599907,22.0,3.6,2.4,27.2
4,0.0001,0.0,0.4,0.0001,689,0.2993711352348328,0.8305050611495972,0.84152174,0.8417312,0.8210535,0.84055436,0.6618415,0.9285051,0.93326175,17.2,3.8,3.8,20.0,0.29659132957458495,0.8874675393104553,0.8539258,0.9343712,0.8422186,0.8914286,0.78055257,0.9519764,0.9355111,23.4,4.4,1.8,25.6
3,0.0001,0.0,0.4,0.0001,689,0.26663623452186586,0.8973737478256225,0.88789004,0.925649,0.8658702,0.90524244,0.79627603,0.9410291,0.93398917,18.0,2.8,1.8,22.2,0.2777471363544464,0.8807142734527588,0.8824703,0.89696085,0.8681753,0.88747585,0.76417726,0.94776314,0.9412702,22.4,3.6,3.0,26.2
2,0.0001,0.0,0.4,0.0001,689,0.25609937608242034,0.8973737478256225,0.86749446,0.9361472,0.85524607,0.9004614,0.79628783,0.9578993,0.95077056,18.8,3.2,1.4,21.4,0.28935120701789857,0.8987662315368652,0.89751464,0.9210288,0.87242925,0.90858924,0.7955748,0.9542614,0.95719165,21.8,3.2,2.4,27.8
1,0.0001,0.0,0.4,0.0001,689,0.2941968411207199,0.8791919231414795,0.89229476,0.8785669,0.871384,0.8825935,0.7579212,0.936968,0.9302705,18.2,2.6,2.8,21.2,0.29320810437202455,0.8729870200157166,0.8168581,0.9447055,0.8003057,0.8760897,0.7525272,0.93070555,0.8937546,22.6,5.6,1.4,25.6
0,0.0001,0.0,0.4,0.0001,689,0.24596688747406006,0.9019191980361938,0.8977264,0.92725307,0.8706152,0.9121932,0.80135727,0.96026736,0.96383303,17.6,2.6,1.8,22.8,0.2720209449529648,0.887597405910492,0.8814985,0.91796315,0.8490531,0.89789355,0.7757006,0.95745075,0.95607436,21.8,3.8,2.4,27.2
4,0.0001,0.0,0.2,0.0001,689,0.29866493940353395,0.8305050611495972,0.84152174,0.8417312,0.8210535,0.84055436,0.6618415,0.9301651,0.9351381,17.2,3.8,3.8,20.0,0.2930611461400986,0.8802597284317016,0.84180754,0.9343712,0.8276683,0.88515425,0.7665054,0.95329034,0.9379425,23.0,4.8,1.8,25.6
3,0.0001,0.0,0.2,0.0001,689,0.2672030568122864,0.8973737478256225,0.88209516,0.9333413,0.8567793,0.9060632,0.7961978,0.9422461,0.9355114,17.8,3.0,1.6,22.4,0.2763603270053864,0.8735714197158814,0.87580377,0.8889607,0.8617237,0.8802031,0.7497721,0.94829434,0.9424447,22.2,3.8,3.2,26.0
2,0.0001,0.0,0.2,0.0001,689,0.25322542786598207,0.8661616206169128,0.8407711,0.8980519,0.82948846,0.8677152,0.73413754,0.956758,0.9508103,18.2,3.8,2.2,20.6,0.29661681056022643,0.8914935111999511,0.8857522,0.9210288,0.85540026,0.90263873,0.78066033,0.9540054,0.957888,21.4,3.6,2.4,27.8
1,0.0001,0.0,0.2,0.0001,689,0.2920933723449707,0.8658585906028747,0.8904022,0.85605985,0.871384,0.8705816,0.73061275,0.93856114,0.9310999,18.2,2.6,3.4,20.6,0.290484094619751,0.8838311672210694,0.8363927,0.93600976,0.8299259,0.88336,0.7705018,0.9315098,0.89845955,23.4,4.8,1.6,25.4
0,0.0001,0.0,0.2,0.0001,689,0.24322069585323333,0.9020202040672303,0.9108651,0.9112274,0.89066535,0.91088057,0.8019274,0.9631047,0.96611965,18.0,2.2,2.2,22.4,0.2678478807210922,0.887597405910492,0.8814985,0.91796315,0.8490531,0.89789355,0.7757006,0.9579792,0.9567766,21.8,3.8,2.4,27.2
4,0.0001,0.0,0.0,0.0001,689,0.302334189414978,0.8484848618507386,0.8493289,0.86539793,0.8297492,0.8568991,0.6962037,0.9280856,0.933894,17.4,3.6,3.2,20.6,0.2925434738397598,0.8838961005210877,0.8473247,0.9343712,0.8348112,0.88816184,0.77329797,0.95094717,0.93672305,23.2,4.6,1.8,25.6
3,0.0001,0.0,0.0,0.0001,689,0.27300849854946135,0.8973737478256225,0.8985797,0.91795665,0.87639654,0.9045892,0.8011568,0.94504946,0.9421214,18.2,2.6,2.0,22.0,0.27020748257637023,0.8807142853736878,0.8861829,0.8894057,0.87526786,0.88559514,0.76425195,0.94799757,0.9441314,22.6,3.4,3.2,26.0
2,0.0001,0.0,0.0,0.0001,689,0.25961685478687285,0.8706060647964478,0.8421997,0.9075758,0.82948846,0.87329006,0.7431148,0.9564023,0.9507185,18.2,3.8,2.0,20.8,0.2925903558731079,0.8914934992790222,0.8854313,0.9210288,0.855038,0.9027425,0.77980155,0.9544991,0.958045,21.4,3.6,2.4,27.8
1,0.0001,0.0,0.0,0.0001,689,0.29272702932357786,0.8747474789619446,0.8914482,0.87146723,0.871384,0.8796589,0.7466885,0.93889725,0.9429784,18.2,2.6,3.0,21.0,0.28988756239414215,0.8874675273895264,0.8421763,0.93600976,0.8388589,0.88642913,0.77749026,0.9335106,0.9067222,23.6,4.6,1.6,25.4
0,0.0001,0.0,0.0,0.0001,689,0.24565544724464417,0.9020202040672303,0.9108651,0.9112274,0.89066535,0.91088057,0.8019274,0.9586204,0.96088755,18.0,2.2,2.2,22.4,0.2718650609254837,0.891233766078949,0.88065827,0.92462987,0.8493864,0.9012872,0.78210694,0.96092826,0.9592263,21.8,3.8,2.2,27.4
4,0.001,0.4,0.4,0.0001,689,0.299366295337677,0.8439393997192383,0.8453333,0.86676025,0.8210535,0.85505867,0.6879953,0.92768735,0.93003595,17.2,3.8,3.2,20.6,0.29765237867832184,0.8838311672210694,0.8480145,0.9343712,0.8348112,0.88842106,0.7733233,0.95353526,0.93768805,23.2,4.6,1.8,25.6
3,0.001,0.4,0.4,0.0001,689,0.2643268883228302,0.9063636422157287,0.8954092,0.9345318,0.87639654,0.9136847,0.813441,0.9419093,0.93517095,18.2,2.6,1.6,22.4,0.2830055087804794,0.8771428465843201,0.8811596,0.88941777,0.86941606,0.88301724,0.7575391,0.9487545,0.94389963,22.4,3.6,3.2,26.0
2,0.001,0.4,0.4,0.0001,689,0.2507137507200241,0.8750505089759827,0.85096705,0.90940726,0.8400148,0.87845975,0.752342,0.95554274,0.94804543,18.4,3.6,2.0,20.8,0.3019851207733154,0.8988311648368835,0.9021406,0.9149682,0.8798367,0.90805566,0.79562366,0.95344514,0.9568138,22.0,3.0,2.6,27.6
1,0.001,0.4,0.4,0.0001,689,0.2889418452978134,0.8703030347824097,0.8835276,0.8751709,0.86138403,0.8782547,0.73730457,0.9373621,0.9362583,18.0,2.8,3.0,21.0,0.2939807027578354,0.8802597403526307,0.82728755,0.9447055,0.81509066,0.88196105,0.7660414,0.93049157,0.89030427,23.0,5.2,1.4,25.6
0,0.001,0.4,0.4,0.0001,689,0.24567626267671586,0.9019191980361938,0.89772654,0.92725307,0.8706152,0.9121933,0.8013574,0.9619032,0.96507996,17.6,2.6,1.8,22.8,0.2761517494916916,0.887597405910492,0.8907568,0.9044,0.86507875,0.89613783,0.77533984,0.9560911,0.95475787,22.2,3.4,2.8,26.8
4,0.001,0.4,0.2,0.0001,689,0.3006844758987427,0.8439393997192383,0.8453333,0.86676025,0.8210535,0.85505867,0.6879953,0.9265194,0.92898023,17.2,3.8,3.2,20.6,0.2949162095785141,0.88032466173172,0.84137744,0.9343712,0.82742196,0.88513106,0.7661807,0.9543681,0.9396218,23.0,4.8,1.8,25.6
3,0.001,0.4,0.2,0.0001,689,0.25981637835502625,0.9018181920051574,0.8943223,0.92500794,0.8763965,0.9088362,0.8033746,0.94467133,0.93822396,18.2,2.6,1.8,22.2,0.2760999113321304,0.8662337541580201,0.8730823,0.8756126,0.8594796,0.8726007,0.7338916,0.9501454,0.9465647,22.2,3.8,3.6,25.6
2,0.001,0.4,0.2,0.0001,689,0.25073245763778684,0.8706060647964478,0.84823596,0.8992424,0.83782184,0.87223464,0.74270993,0.9567172,0.950277,18.4,3.6,2.2,20.6,0.3063424050807953,0.8951948046684265,0.9009091,0.9078253,0.8798367,0.90392035,0.78830266,0.95375144,0.95694923,22.0,3.0,2.8,27.4
1,0.001,0.4,0.2,0.0001,689,0.28877781331539154,0.8657575845718384,0.8819891,0.8668376,0.86138403,0.87352,0.7279913,0.93368024,0.9331719,18.0,2.8,3.2,20.8,0.2967532992362976,0.8801948070526123,0.8312233,0.93600976,0.82223356,0.8803903,0.7640402,0.9342871,0.8981606,23.2,5.0,1.6,25.4
0,0.001,0.4,0.2,0.0001,689,0.24758221805095673,0.9064646482467651,0.91099995,0.9199231,0.89166784,0.9150588,0.8117405,0.9622159,0.96900845,18.0,2.2,2.0,22.6,0.2732324510812759,0.887597405910492,0.88102484,0.9179632,0.8490531,0.8977129,0.7757359,0.9560558,0.95457697,21.8,3.8,2.4,27.2
4,0.001,0.4,0.0,0.0001,689,0.300986111164093,0.8439393997192383,0.8453333,0.86676025,0.8210535,0.85505867,0.6879953,0.9281583,0.93122685,17.2,3.8,3.2,20.6,0.2946340352296829,0.8911038994789123,0.85468113,0.94177866,0.8417077,0.8955466,0.7876412,0.9543681,0.9394976,23.4,4.4,1.6,25.8
3,0.001,0.4,0.0,0.0001,689,0.25640855729579926,0.9107070803642273,0.9088874,0.925649,0.8970162,0.91644114,0.82193196,0.9478895,0.9408585,18.6,2.2,1.8,22.2,0.2837263077497482,0.8627921938896179,0.87860453,0.86071604,0.8702944,0.86729306,0.7290089,0.94963855,0.94674575,22.4,3.6,4.0,25.2
2,0.001,0.4,0.0,0.0001,689,0.25268625319004057,0.8749495029449463,0.84991866,0.9080087,0.8400148,0.87756807,0.751644,0.9539477,0.9489376,18.4,3.6,2.0,20.8,0.3014325737953186,0.8951948046684265,0.89590406,0.9149682,0.8711411,0.9050859,0.78766274,0.9526765,0.9550222,21.8,3.2,2.6,27.6
1,0.001,0.4,0.0,0.0001,689,0.2918552190065384,0.8613131403923034,0.87296295,0.866245,0.8565692,0.8668925,0.72259223,0.93446714,0.92892087,17.8,3.0,3.2,20.8,0.29415989220142363,0.8729870200157166,0.8288237,0.92086256,0.82154226,0.87212694,0.7482096,0.930524,0.8943666,23.2,5.0,2.0,25.0
0,0.001,0.4,0.0,0.0001,689,0.24673305004835128,0.9109090924263,0.91866666,0.9199231,0.90075874,0.9191368,0.8201221,0.9610046,0.96827936,18.2,2.0,2.0,22.6,0.2673686116933823,0.891233766078949,0.88637245,0.9179632,0.8573864,0.9005976,0.7828146,0.9581658,0.95862657,22.0,3.6,2.4,27.2
4,0.001,0.2,0.4,0.0001,689,0.2998038589954376,0.8439393997192383,0.8453333,0.86676025,0.8210535,0.85505867,0.6879953,0.92771465,0.929749,17.2,3.8,3.2,20.6,0.29701933860778806,0.8838311672210694,0.8480145,0.9343712,0.8348112,0.88842106,0.7733233,0.9524873,0.93732417,23.2,4.6,1.8,25.6
3,0.001,0.2,0.4,0.0001,689,0.2626285582780838,0.9063636422157287,0.88837034,0.94222414,0.86687267,0.9140251,0.81332177,0.9439041,0.93527144,18.0,2.8,1.4,22.6,0.28353272676467894,0.8770779252052308,0.8775135,0.89761937,0.8617237,0.884706,0.7584464,0.9497975,0.945799,22.2,3.8,3.0,26.2
2,0.001,0.2,0.4,0.0001,689,0.25047777891159057,0.8795959711074829,0.857967,0.90940726,0.8491057,0.882345,0.76065606,0.9563036,0.9487917,18.6,3.4,2.0,20.8,0.30067254304885865,0.8988311648368835,0.9021406,0.9149682,0.8798367,0.90805566,0.79562366,0.95292187,0.9563726,22.0,3.0,2.6,27.6
1,0.001,0.2,0.4,0.0001,689,0.28767845332622527,0.8702020287513733,0.8828889,0.8754302,0.86138403,0.87869006,0.735972,0.93408966,0.9303371,18.0,2.8,3.0,21.0,0.29486879110336306,0.8801948189735412,0.83150816,0.93600976,0.8224352,0.8804191,0.7642829,0.9310292,0.8921242,23.2,5.0,1.6,25.4
0,0.001,0.2,0.4,0.0001,689,0.24538407921791078,0.9064646482467651,0.9047778,0.92761534,0.88114154,0.9157988,0.81109893,0.96351624,0.9684065,17.8,2.4,1.8,22.8,0.2757343351840973,0.8803246855735779,0.87972736,0.9044,0.84841204,0.8902769,0.7610457,0.95503294,0.9535146,21.8,3.8,2.8,26.8
4,0.001,0.2,0.2,0.0001,689,0.3008538484573364,0.8528282880783081,0.84817946,0.88309354,0.8210535,0.86452806,0.7055764,0.92778265,0.9299885,17.2,3.8,2.8,21.0,0.295502832531929,0.8803246736526489,0.8372914,0.94177866,0.82052547,0.8859909,0.76788676,0.9551443,0.9404255,22.8,5.0,1.6,25.8
3,0.001,0.2,0.2,0.0001,689,0.2601683348417282,0.9062626361846924,0.90123606,0.925008,0.88548744,0.91224974,0.8129088,0.94669664,0.9391497,18.4,2.4,1.8,22.2,0.2835155427455902,0.8662986874580383,0.86874723,0.88206416,0.853028,0.873501,0.7342905,0.9498881,0.9464386,22.0,4.0,3.4,25.8
2,0.001,0.2,0.2,0.0001,689,0.2495069235563278,0.8706060647964478,0.8607424,0.8824593,0.85743904,0.871004,0.7408945,0.95672524,0.9502805,18.8,3.2,2.6,20.2,0.30523537993431094,0.8951948046684265,0.9009091,0.9078253,0.8798367,0.90392035,0.78830266,0.95348454,0.9563302,22.0,3.0,2.8,27.4
1,0.001,0.2,0.2,0.0001,689,0.29125578701496124,0.8702020287513733,0.89074075,0.866245,0.871384,0.8762492,0.7394959,0.9349178,0.9366234,18.2,2.6,3.2,20.8,0.29578854739665983,0.8801948189735412,0.84092176,0.9201714,0.835828,0.87839556,0.76145303,0.9340625,0.90283585,23.6,4.6,2.0,25.0
0,0.001,0.2,0.2,0.0001,689,0.2470177948474884,0.9109090924263,0.9057778,0.93594867,0.88114154,0.9203906,0.82005006,0.96101743,0.96685076,17.8,2.4,1.6,23.0,0.27602599263191224,0.891233766078949,0.8929659,0.91129655,0.86538637,0.89985865,0.7843522,0.9576467,0.957751,22.2,3.4,2.6,27.0
4,0.001,0.2,0.0,0.0001,689,0.3000435709953308,0.8483838438987732,0.8463333,0.87476027,0.8210535,0.8596301,0.69654405,0.9302136,0.93390214,17.2,3.8,3.0,20.8,0.2936264514923096,0.8874675393104553,0.8493781,0.94177866,0.83430034,0.8924866,0.78126746,0.9549087,0.94058305,23.2,4.6,1.6,25.8
3,0.001,0.2,0.0,0.0001,689,0.25672930777072905,0.9018181920051574,0.8876273,0.9333413,0.86687267,0.90939474,0.80412066,0.94869804,0.94466275,18.0,2.8,1.6,22.4,0.2796712338924408,0.873506486415863,0.880225,0.88206416,0.86781293,0.8793802,0.7485587,0.9485998,0.94475746,22.4,3.6,3.4,25.8
2,0.001,0.2,0.0,0.0001,689,0.2508414894342422,0.8705050587654114,0.8496337,0.90031636,0.8400148,0.8736493,0.7423986,0.9519475,0.9454567,18.4,3.6,2.2,20.6,0.30494085848331454,0.8951948046684265,0.89661473,0.9149682,0.87150335,0.90507495,0.7886701,0.9540291,0.95614165,21.8,3.2,2.6,27.6
1,0.001,0.2,0.0,0.0001,689,0.29119814932346344,0.8568686962127685,0.8800084,0.8520228,0.86397666,0.86383235,0.7134691,0.93158805,0.92466944,18.0,2.8,3.6,20.4,0.2939996749162674,0.876493513584137,0.8389519,0.9125292,0.835828,0.87382907,0.75327206,0.93159926,0.8956397,23.6,4.6,2.2,24.8
0,0.001,0.2,0.0,0.0001,689,0.24690844714641572,0.9109090924263,0.919,0.92056406,0.90075874,0.9193365,0.82084167,0.9606078,0.96735346,18.2,2.0,2.0,22.6,0.2677572935819626,0.898506498336792,0.89254695,0.92462987,0.8657197,0.9073142,0.7968867,0.9602951,0.96072495,22.2,3.4,2.2,27.4
4,0.001,0.0,0.4,0.0001,689,0.2980620741844177,0.8439393997192383,0.8453333,0.86676025,0.8210535,0.85505867,0.6879953,0.9260515,0.92768,17.2,3.8,3.2,20.6,0.3001917332410812,0.8801948070526123,0.84271145,0.9343712,0.8274037,0.8853609,0.76694953,0.95142907,0.93661785,23.0,4.8,1.8,25.6
3,0.001,0.0,0.4,0.0001,689,0.2642339110374451,0.9018181920051574,0.88844746,0.9327003,0.8658702,0.9092479,0.80449617,0.94265586,0.93556976,18.0,2.8,1.6,22.4,0.2839014530181885,0.880779218673706,0.878199,0.90341246,0.8617237,0.8882254,0.76496744,0.9477229,0.9419154,22.2,3.8,2.8,26.4
2,0.001,0.0,0.4,0.0001,689,0.2502895504236221,0.8750505089759827,0.85625803,0.90107393,0.84834814,0.8775247,0.75116915,0.95708925,0.9501387,18.6,3.4,2.2,20.6,0.3066835731267929,0.8951948046684265,0.9009091,0.9078253,0.8798367,0.90392035,0.78830266,0.95319474,0.9558546,22.0,3.0,2.8,27.4
1,0.001,0.0,0.4,0.0001,689,0.2893813163042068,0.8703030347824097,0.8750707,0.8837635,0.8539766,0.87861997,0.73661315,0.9332835,0.9281675,17.8,3.0,2.8,21.2,0.2945719510316849,0.8801948189735412,0.83233225,0.93600976,0.8203518,0.8809804,0.763514,0.9313038,0.8936003,23.2,5.0,1.6,25.4
0,0.001,0.0,0.4,0.0001,689,0.24641734212636948,0.9109090924263,0.9057778,0.93594867,0.88114154,0.9203906,0.82005006,0.963529,0.9660655,17.8,2.4,1.6,23.0,0.2769187927246094,0.8767532587051392,0.8687841,0.91129655,0.8338232,0.8877829,0.75477016,0.95396197,0.95215005,21.4,4.2,2.6,27.0
4,0.001,0.0,0.2,0.0001,689,0.2992123901844025,0.8483838438987732,0.8463333,0.87476027,0.8210535,0.8596301,0.69654405,0.92810994,0.93235195,17.2,3.8,3.0,20.8,0.29476283192634584,0.8838311672210694,0.8480145,0.9343712,0.8348111,0.88842106,0.7733233,0.95439786,0.93957365,23.2,4.6,1.8,25.6
3,0.001,0.0,0.2,0.0001,689,0.25829495787620543,0.9018181920051574,0.8942207,0.925649,0.8773991,0.9091099,0.8036026,0.9466635,0.9398958,18.2,2.6,1.8,22.2,0.2794431209564209,0.8590259671211242,0.86696434,0.86871606,0.853028,0.8658174,0.7202588,0.9488636,0.9447565,22.0,4.0,3.8,25.4
2,0.001,0.0,0.2,0.0001,689,0.25121632516384124,0.8616161704063415,0.85151976,0.8729354,0.84834814,0.8616425,0.7227435,0.9535101,0.947611,18.6,3.4,2.8,20.0,0.3047792762517929,0.8951948046684265,0.9009091,0.9078253,0.8798367,0.90392035,0.78830266,0.953221,0.95570755,22.0,3.0,2.8,27.4
1,0.001,0.0,0.2,0.0001,689,0.29373293817043306,0.8613131403923034,0.87177783,0.86431915,0.8539766,0.867579,0.7174534,0.92958343,0.9162714,17.8,3.0,3.2,20.8,0.29600052535533905,0.887402606010437,0.8432277,0.93600976,0.835828,0.8869573,0.7772126,0.93105376,0.89245236,23.6,4.6,1.6,25.4
0,0.001,0.0,0.2,0.0001,689,0.24669100046157838,0.9109090924263,0.912,0.9282564,0.89166784,0.9196507,0.8206917,0.96221435,0.9670165,18.0,2.2,1.8,22.8,0.2721685618162155,0.8839610338211059,0.8768953,0.9179632,0.8407197,0.89527035,0.76865304,0.9571339,0.9583723,21.6,4.0,2.4,27.2
4,0.001,0.0,0.0,0.0001,689,0.2991297483444214,0.8529293060302734,0.8544838,0.87400264,0.83157986,0.8632741,0.7058735,0.9317977,0.9357085,17.4,3.6,3.0,20.8,0.29221861958503725,0.8911038994789123,0.85468113,0.94177866,0.8417077,0.8955466,0.7876412,0.9554292,0.94106704,23.4,4.4,1.6,25.8
3,0.001,0.0,0.0,0.0001,689,0.2601152390241623,0.9018181920051574,0.9008295,0.91731566,0.88692284,0.90824145,0.80386674,0.9445839,0.9387213,18.4,2.4,2.0,22.0,0.2801335722208023,0.8807142734527588,0.88858974,0.89072275,0.87610495,0.8863899,0.7664966,0.9506895,0.93926036,22.6,3.4,3.2,26.0
2,0.001,0.0,0.0,0.0001,689,0.25061267614364624,0.8705050587654114,0.84774476,0.8984849,0.8400148,0.8721134,0.74189883,0.953146,0.9477695,18.4,3.6,2.2,20.6,0.30497190058231355,0.8988311767578125,0.90177524,0.9149682,0.87947434,0.90816134,0.7947761,0.95268476,0.95525837,22.0,3.0,2.6,27.6
1,0.001,0.0,0.0,0.0001,689,0.2918432682752609,0.8479798078536988,0.8711111,0.84402275,0.8565692,0.85425633,0.69783396,0.93159807,0.92306757,17.8,3.0,3.8,20.2,0.2947365313768387,0.8728571534156799,0.832798,0.9125292,0.8293764,0.8705638,0.74650776,0.93182695,0.8957459,23.4,4.8,2.2,24.8
0,0.001,0.0,0.0,0.0001,689,0.2433260813355446,0.915353536605835,0.9263333,0.92056406,0.9102825,0.92307794,0.8297477,0.9610031,0.966163,18.4,1.8,2.0,22.6,0.27342254519462583,0.887597405910492,0.8808548,0.9177333,0.8490531,0.89793223,0.77460396,0.9574027,0.9590036,21.8,3.8,2.4,27.2
4,0.01,0.4,0.4,0.0001,689,0.2947170287370682,0.8437373757362365,0.84433335,0.86676025,0.8200511,0.85469806,0.68723434,0.92922294,0.9328927,17.2,3.8,3.2,20.6,0.2943584054708481,0.8765584349632263,0.84176445,0.92722833,0.8274037,0.8817544,0.75857663,0.9511631,0.9376737,23.0,4.8,2.0,25.4
3,0.01,0.4,0.4,0.0001,689,0.2637990862131119,0.8973737478256225,0.87473714,0.9403926,0.8472555,0.9060246,0.7956668,0.939006,0.92820823,17.6,3.2,1.4,22.6,0.2741559386253357,0.8879220843315124,0.8756598,0.9256624,0.85238695,0.89696825,0.7812585,0.9479637,0.93713236,22.0,4.0,2.2,27.0
2,0.01,0.4,0.4,0.0001,689,0.24822219014167785,0.8706060647964478,0.85504854,0.89198303,0.84691274,0.87295055,0.74074924,0.95748603,0.9475354,18.6,3.4,2.4,20.4,0.30047055184841154,0.8988311648368835,0.9035017,0.9149682,0.8795721,0.9086536,0.7956879,0.9563688,0.9610275,22.0,3.0,2.6,27.6
1,0.01,0.4,0.4,0.0001,689,0.28707961440086366,0.8614141464233398,0.8724165,0.8640598,0.8539766,0.8671435,0.71878606,0.9385594,0.93808115,17.8,3.0,3.2,20.8,0.29617060124874117,0.8693506479263305,0.82297754,0.9212248,0.81509066,0.86905897,0.7417782,0.9318182,0.8999587,23.0,5.2,2.0,25.0
0,0.01,0.4,0.4,0.0001,689,0.23777515441179276,0.897474753856659,0.8967265,0.91891974,0.8706152,0.9076015,0.7924062,0.9606773,0.9654762,17.6,2.6,2.0,22.6,0.28899082243442537,0.8803246736526489,0.8839997,0.8975034,0.85674536,0.8893198,0.7606412,0.95505285,0.9547367,22.0,3.6,3.0,26.6
4,0.01,0.4,0.2,0.0001,689,0.298392128944397,0.8350505113601685,0.8416667,0.84933597,0.8210535,0.8449613,0.6695958,0.9284277,0.9347776,17.2,3.8,3.6,20.2,0.29534703493118286,0.8802597403526307,0.8518809,0.92008543,0.8414432,0.88360655,0.76547015,0.95277005,0.93952703,23.4,4.4,2.2,25.2
3,0.01,0.4,0.2,0.0001,689,0.25706781148910524,0.9062626361846924,0.8890172,0.9403926,0.8658702,0.9133118,0.8135923,0.9434622,0.93374413,18.0,2.8,1.4,22.6,0.27402674555778506,0.8843506455421448,0.8809849,0.90166247,0.8659312,0.8900615,0.7687092,0.94931585,0.9440068,22.4,3.6,2.8,26.4
2,0.01,0.4,0.2,0.0001,689,0.2524180918931961,0.8793939471244812,0.85644037,0.9080087,0.84834814,0.8812044,0.7597207,0.95715487,0.95032275,18.6,3.4,2.0,20.8,0.30156303346157076,0.8987662315368652,0.89815634,0.9210288,0.87087643,0.90912116,0.79475677,0.9545234,0.9595062,21.8,3.2,2.4,27.8
1,0.01,0.4,0.2,0.0001,689,0.2861755073070526,0.8703030347824097,0.8835276,0.8751709,0.86138403,0.8782547,0.73730457,0.9410058,0.9432993,18.0,2.8,3.0,21.0,0.29886663556098936,0.8729220867156983,0.8384921,0.9053863,0.835828,0.8701994,0.7457676,0.93136466,0.8984041,23.6,4.6,2.4,24.6
0,0.01,0.4,0.2,0.0001,689,0.24248813539743425,0.9020202040672303,0.91033334,0.9112274,0.89166784,0.91062623,0.80230033,0.9626644,0.96656,18.0,2.2,2.2,22.4,0.28823167979717257,0.8911688327789307,0.89084566,0.9115775,0.8644377,0.90016687,0.7817093,0.9566479,0.95493364,22.2,3.4,2.6,27.0
4,0.01,0.4,0.0,0.0001,689,0.3012986958026886,0.8528282880783081,0.85788405,0.86566937,0.839273,0.86153746,0.7044411,0.934474,0.9407792,17.6,3.4,3.2,20.6,0.2902791231870651,0.8911688327789307,0.85819006,0.9349206,0.8491152,0.8942078,0.7871996,0.95591766,0.94540775,23.6,4.2,1.8,25.6
3,0.01,0.4,0.0,0.0001,689,0.2562853187322617,0.8884848594665528,0.88106614,0.91731566,0.85778177,0.89692956,0.78021955,0.9474664,0.9400007,17.8,3.0,2.0,22.0,0.27340278327465056,0.8951948046684265,0.8899439,0.9167606,0.87426454,0.90142757,0.7920672,0.9548171,0.95220554,22.6,3.4,2.4,26.8
2,0.01,0.4,0.0,0.0001,689,0.25635870099067687,0.8706060647964478,0.84811276,0.8984849,0.83857936,0.8723444,0.7418175,0.95436066,0.9471,18.4,3.6,2.2,20.6,0.2965801179409027,0.8915584444999695,0.8903869,0.9149682,0.8637336,0.9021821,0.78058416,0.95236003,0.95752317,21.6,3.4,2.6,27.6
1,0.01,0.4,0.0,0.0001,689,0.2884425014257431,0.8658585906028747,0.8826618,0.86717093,0.86138403,0.87325937,0.72961223,0.9376767,0.9389615,18.0,2.8,3.2,20.8,0.2957714408636093,0.876493513584137,0.8341212,0.92086256,0.83061713,0.8750721,0.7546679,0.93220425,0.89391387,23.4,4.8,2.0,25.0
0,0.01,0.4,0.0,0.0001,689,0.24269093275070192,0.9064646482467651,0.91871566,0.91158974,0.90028256,0.9145988,0.81184405,0.9614048,0.9680134,18.2,2.0,2.2,22.4,0.26756539940834045,0.9020779252052307,0.89254844,0.93203723,0.86507875,0.9112468,0.8035766,0.95875245,0.957512,22.2,3.4,2.0,27.6
4,0.01,0.2,0.4,0.0001,689,0.2957053273916245,0.8437373757362365,0.84433335,0.86676025,0.8200511,0.85469806,0.68723434,0.92838085,0.9331778,17.2,3.8,3.2,20.6,0.2978608936071396,0.8838311791419983,0.84397995,0.9420432,0.8274037,0.88907576,0.7759255,0.95329034,0.9425968,23.0,4.8,1.6,25.8
3,0.01,0.2,0.4,0.0001,689,0.2609048306941986,0.9062626361846924,0.88879216,0.94103354,0.86687267,0.9139029,0.81240976,0.9422272,0.93616235,18.0,2.8,1.4,22.6,0.27290510535240176,0.8879870176315308,0.8900126,0.90386933,0.87610495,0.8939112,0.78056246,0.9493281,0.9397783,22.6,3.4,2.8,26.4
2,0.01,0.2,0.4,0.0001,689,0.25039627254009245,0.8839393973350524,0.8593896,0.919364,0.84691274,0.88809,0.7689945,0.9566925,0.9459492,18.6,3.4,1.8,21.0,0.29671874940395354,0.8915584444999695,0.8903869,0.9149682,0.8637336,0.9021821,0.78058416,0.95373154,0.95688313,21.6,3.4,2.6,27.6
1,0.01,0.2,0.4,0.0001,689,0.2835040181875229,0.8703030347824097,0.8838314,0.87828195,0.86138403,0.8792653,0.73930806,0.9389776,0.9401018,18.0,2.8,3.0,21.0,0.29072304964065554,0.8765584468841553,0.82898533,0.9276764,0.82367593,0.8753888,0.7560579,0.9339797,0.90399873,23.2,5.0,1.8,25.2
0,0.01,0.2,0.4,0.0001,689,0.23945048898458482,0.8975757598876953,0.9092463,0.90289414,0.8916677,0.90583897,0.79369384,0.9614952,0.96581805,18.0,2.2,2.4,22.2,0.29410654306411743,0.887597405910492,0.8898023,0.90417004,0.8644377,0.89593315,0.7746523,0.95476997,0.9540521,22.2,3.4,2.8,26.8
4,0.01,0.2,0.2,0.0001,689,0.29972712993621825,0.8394949555397033,0.8426666,0.85733604,0.8210535,0.8495327,0.67814445,0.93051034,0.93642485,17.2,3.8,3.4,20.4,0.2942642033100128,0.8838961005210877,0.85146964,0.92722833,0.8417077,0.8871592,0.77228296,0.95432967,0.9415256,23.4,4.4,2.0,25.4
3,0.01,0.2,0.2,0.0001,689,0.2565631985664368,0.9018181920051574,0.8872427,0.9327003,0.86687267,0.90902615,0.8037999,0.9462754,0.9417051,18.0,2.8,1.6,22.4,0.26855410635471344,0.880779218673706,0.88515806,0.88851583,0.8748642,0.88568306,0.7618803,0.95377713,0.9520508,22.6,3.4,3.2,26.0
2,0.01,0.2,0.2,0.0001,689,0.2518180876970291,0.8794949531555176,0.85680836,0.9080087,0.84691274,0.8814353,0.7596394,0.95546913,0.94655484,18.6,3.4,2.0,20.8,0.2949545383453369,0.8915584444999695,0.8903869,0.9149682,0.8637336,0.9021821,0.78058416,0.95531493,0.9609095,21.6,3.4,2.6,27.6
1,0.01,0.2,0.2,0.0001,689,0.2858288139104843,0.8658585906028747,0.88222045,0.8640598,0.86138403,0.8719055,0.7277802,0.93895644,0.94060516,18.0,2.8,3.2,20.8,0.29273944199085233,0.883766233921051,0.8450125,0.9189808,0.84352034,0.88026035,0.76749676,0.93244284,0.89735585,23.8,4.4,2.0,25.0
0,0.01,0.2,0.2,0.0001,689,0.24396195858716965,0.9020202040672303,0.91033334,0.9112274,0.89166784,0.91062623,0.80230033,0.9610318,0.96509045,18.0,2.2,2.2,22.4,0.28026426434516905,0.8948051929473877,0.8910478,0.918474,0.86507875,0.90379035,0.78897095,0.9574521,0.9567075,22.2,3.4,2.4,27.2
4,0.01,0.2,0.0,0.0001,689,0.3015935719013214,0.8439393997192383,0.8495507,0.8573359,0.8297492,0.85320413,0.6865839,0.9305283,0.932526,17.4,3.6,3.4,20.4,0.29291424453258513,0.8911688327789307,0.85819006,0.9349206,0.8491152,0.8942078,0.7871996,0.9537918,0.93871987,23.6,4.2,1.8,25.6
3,0.01,0.2,0.0,0.0001,689,0.2575492888689041,0.8973737478256225,0.8945278,0.91731566,0.87596357,0.9042244,0.79705346,0.9466742,0.93991387,18.2,2.6,2.0,22.0,0.27102771401405334,0.8770779013633728,0.88634264,0.8825091,0.87426454,0.88239986,0.7561684,0.9556459,0.9527329,22.6,3.4,3.4,25.8
2,0.01,0.2,0.0,0.0001,689,0.2572166621685028,0.8750505089759827,0.85483205,0.8984849,0.84691274,0.87593853,0.75013435,0.9530886,0.94569033,18.6,3.4,2.2,20.6,0.29392502903938295,0.8842857241630554,0.8797495,0.9149682,0.84598,0.89688814,0.76460034,0.95422554,0.9588331,21.2,3.8,2.6,27.6
1,0.01,0.2,0.0,0.0001,689,0.2887755870819092,0.874848484992981,0.8833048,0.8785669,0.8602729,0.87897396,0.7473531,0.93192446,0.9321769,18.0,2.8,2.8,21.2,0.2933056980371475,0.8693506479263305,0.82412827,0.9224154,0.8170227,0.8700596,0.7423628,0.93280566,0.89445114,23.0,5.2,2.0,25.0
0,0.01,0.2,0.0,0.0001,689,0.24396865516901017,0.9109090924263,0.92548484,0.91158974,0.9102825,0.91804993,0.8210206,0.96220315,0.9683153,18.4,1.8,2.2,22.4,0.26398670971393584,0.8875973939895629,0.88523614,0.91106665,0.8573864,0.89689577,0.7748614,0.9611546,0.9604312,22.0,3.6,2.6,27.0
4,0.01,0.0,0.4,0.0001,689,0.296582019329071,0.8617171764373779,0.86099994,0.88309354,0.839273,0.87149364,0.72263205,0.92958087,0.9344651,17.6,3.4,2.8,21.0,0.29755622446537017,0.8875324726104736,0.85912913,0.9274928,0.8486042,0.89141816,0.77872956,0.95247716,0.940917,23.6,4.2,2.0,25.4
3,0.01,0.0,0.4,0.0001,689,0.2615727514028549,0.9018181920051574,0.87075776,0.9574216,0.83672917,0.9116861,0.8061094,0.9422094,0.9365349,17.4,3.4,1.0,23.0,0.2712837129831314,0.8843506455421448,0.8818182,0.90276587,0.86717194,0.89057064,0.77009934,0.9477374,0.93898296,22.4,3.6,2.8,26.4
2,0.01,0.0,0.4,0.0001,689,0.2495589464902878,0.8793939471244812,0.8512174,0.91753244,0.8400148,0.88288367,0.7608593,0.9579565,0.9474497,18.4,3.6,1.8,21.0,0.2979478776454926,0.8951948046684265,0.89590406,0.9149682,0.8711411,0.9050859,0.78766274,0.95372903,0.95724237,21.8,3.2,2.6,27.6
1,0.01,0.0,0.4,0.0001,689,0.2873431921005249,0.8746464729309082,0.8833526,0.8819373,0.86138403,0.88162625,0.74611205,0.939047,0.9371001,18.0,2.8,2.8,21.2,0.29270332753658296,0.8692857265472412,0.8179755,0.92731416,0.809532,0.86905956,0.7428738,0.93100387,0.89011776,22.8,5.4,1.8,25.2
0,0.01,0.0,0.4,0.0001,689,0.24147847294807434,0.9109090924263,0.9116154,0.92761534,0.89166784,0.9192821,0.82037085,0.9631211,0.96759766,18.0,2.2,1.8,22.8,0.2808145821094513,0.8803896188735962,0.8741318,0.91129655,0.8421565,0.89066756,0.76184887,0.95588243,0.95260847,21.6,4.0,2.6,27.0
4,0.01,0.0,0.2,0.0001,689,0.2988062262535095,0.8439393997192383,0.84466666,0.86566937,0.8210535,0.85463464,0.6868817,0.92931986,0.93531686,17.2,3.8,3.2,20.6,0.2934144794940948,0.8838311672210694,0.8521592,0.9272283,0.8417077,0.88741857,0.77230823,0.954339,0.9418491,23.4,4.4,2.0,25.4
3,0.01,0.0,0.2,0.0001,689,0.2582994788885117,0.8884848594665528,0.8795568,0.91731566,0.8563464,0.8969091,0.7784189,0.9450716,0.9388544,17.8,3.0,2.0,22.0,0.2707612842321396,0.880779218673706,0.88200295,0.89521074,0.86781293,0.88657075,0.76358587,0.9524686,0.94831145,22.4,3.6,3.0,26.2
2,0.01,0.0,0.2,0.0001,689,0.25268076956272123,0.8750505089759827,0.85627925,0.90031636,0.84691274,0.877522,0.74999875,0.95589906,0.9496144,18.6,3.4,2.2,20.6,0.3057080119848251,0.8879220724105835,0.8845401,0.9149682,0.855038,0.89930516,0.77277184,0.95317376,0.9568745,21.4,3.6,2.6,27.6
1,0.01,0.0,0.2,0.0001,689,0.289013010263443,0.8703030347824097,0.8827181,0.87115955,0.86138403,0.87501633,0.73820865,0.9373557,0.93794215,18.0,2.8,3.0,21.0,0.29565454721450807,0.8801948070526123,0.83448344,0.92731416,0.83116657,0.8783277,0.76245654,0.9329647,0.8962897,23.4,4.8,1.8,25.2
0,0.01,0.0,0.2,0.0001,689,0.24357999563217164,0.9064646482467651,0.9178182,0.91158974,0.9011916,0.9139718,0.81263894,0.96187127,0.96707296,18.2,2.0,2.2,22.4,0.27145681977272035,0.8912986993789673,0.89124185,0.91129655,0.86618215,0.89936,0.7839534,0.9580024,0.9574934,22.2,3.4,2.6,27.0
4,0.01,0.0,0.0,0.0001,689,0.3007265210151672,0.8394949555397033,0.8473768,0.84900266,0.8297492,0.847885,0.67808336,0.9321157,0.93465793,17.4,3.6,3.6,20.2,0.2911113679409027,0.8947402715682984,0.8643969,0.9349206,0.85625803,0.8974746,0.79401743,0.9543209,0.93945664,23.8,4.0,1.8,25.6
3,0.01,0.0,0.0,0.0001,689,0.2525617331266403,0.9062626361846924,0.88883877,0.94103354,0.8654373,0.9138397,0.81275594,0.94870853,0.94290036,18.0,2.8,1.4,22.6,0.2772821694612503,0.8916233539581299,0.8872984,0.90831554,0.87426454,0.8966379,0.783245,0.9556395,0.9530188,22.6,3.4,2.6,26.6
2,0.01,0.0,0.0,0.0001,689,0.25655443370342257,0.8749495029449463,0.8609484,0.89079255,0.857872,0.87538064,0.7496492,0.952336,0.9435171,18.8,3.2,2.4,20.4,0.3161923289299011,0.8842857241630554,0.88360417,0.9085165,0.85659075,0.89553165,0.76591647,0.95208836,0.9564621,21.4,3.6,2.8,27.4
1,0.01,0.0,0.0,0.0001,689,0.29086253643035886,0.8747474789619446,0.87815034,0.8896781,0.85027295,0.8818947,0.74776113,0.9335691,0.93337107,17.8,3.0,2.6,21.4,0.2964785575866699,0.8620779275894165,0.8124546,0.92086256,0.8034282,0.8626524,0.7293458,0.9314475,0.8909747,22.6,5.6,2.0,25.0
0,0.01,0.0,0.0,0.0001,689,0.24068497717380524,0.893030309677124,0.91678923,0.8872018,0.89975625,0.9015215,0.7849318,0.9645793,0.9714406,18.2,2.0,2.8,21.8,0.2809757262468338,0.891233766078949,0.88943565,0.9108368,0.864771,0.8995074,0.78102326,0.956888,0.95558167,22.2,3.4,2.6,27.0
4,0.0001,0.4,0.4,0.0,689,0.3013113856315613,0.8394949555397033,0.84324634,0.8577312,0.8210535,0.8497176,0.67880315,0.9264742,0.9313344,17.2,3.8,3.4,20.4,0.3005025923252106,0.8766883015632629,0.8360011,0.9343712,0.82052547,0.88199824,0.7598747,0.95142764,0.936165,22.8,5.0,1.8,25.6
3,0.0001,0.4,0.4,0.0,689,0.27023729085922243,0.8929293036460877,0.88055676,0.925649,0.8563464,0.901501,0.7873701,0.9374245,0.9263951,17.8,3.0,1.8,22.2,0.28032836616039275,0.8879870057106019,0.8810932,0.9181074,0.8617237,0.89595425,0.78178424,0.94586533,0.9326011,22.2,3.8,2.4,26.8
2,0.0001,0.4,0.4,0.0,689,0.2570231020450592,0.8794949531555176,0.8456723,0.92662334,0.82948846,0.8840602,0.7620753,0.9563364,0.9490288,18.2,3.8,1.6,21.2,0.2914454013109207,0.8951948046684265,0.89662343,0.9149682,0.87242925,0.90515196,0.788545,0.95452386,0.956662,21.8,3.2,2.6,27.6
1,0.0001,0.4,0.4,0.0,689,0.3006358116865158,0.8658585906028747,0.8813919,0.8637522,0.86397666,0.86987287,0.7310673,0.93200016,0.91509706,18.0,2.8,3.2,20.8,0.2962288290262222,0.8729870080947876,0.82070416,0.93600976,0.80675733,0.8745224,0.7505259,0.9280033,0.88473624,22.8,5.4,1.6,25.4
0,0.0001,0.4,0.4,0.0,689,0.24632514715194703,0.897474753856659,0.8967264,0.91891974,0.8706152,0.90760136,0.7924062,0.9594642,0.9636549,17.6,2.6,2.0,22.6,0.2741125404834747,0.887597405910492,0.88126457,0.91796315,0.84841204,0.8978645,0.77543473,0.9560879,0.9542796,21.8,3.8,2.4,27.2
4,0.0001,0.4,0.2,0.0,689,0.30091336369514465,0.8306060671806336,0.84007245,0.8413979,0.8210535,0.83982706,0.66175395,0.92858565,0.93369865,17.2,3.8,3.8,20.0,0.29444643557071687,0.8766883015632629,0.8360011,0.9343712,0.82052547,0.88199824,0.7598747,0.95460355,0.93998975,22.8,5.0,1.8,25.6
3,0.0001,0.4,0.2,0.0,689,0.2674961507320404,0.8973737478256225,0.8893995,0.925649,0.86730564,0.9052628,0.7980766,0.94386625,0.93886817,18.0,2.8,1.8,22.2,0.279064217209816,0.873506486415863,0.8801387,0.8825091,0.8681753,0.8793027,0.74937314,0.948579,0.9440813,22.4,3.6,3.4,25.8
2,0.0001,0.4,0.2,0.0,689,0.25338879227638245,0.8706060647964478,0.8429451,0.9075758,0.82948846,0.8731697,0.7438828,0.95715487,0.95139563,18.2,3.8,2.0,20.8,0.2926403880119324,0.8915584444999695,0.89109755,0.9149682,0.864096,0.90217113,0.78159153,0.9550605,0.95833385,21.6,3.4,2.6,27.6
1,0.0001,0.4,0.2,0.0,689,0.2936044067144394,0.8747474789619446,0.8915011,0.8708747,0.871384,0.8785405,0.7484726,0.93939906,0.93679917,18.2,2.6,3.0,21.0,0.2933829575777054,0.8801948189735412,0.8273772,0.9447055,0.81578195,0.88195753,0.7660414,0.93234384,0.89996177,23.0,5.2,1.4,25.6
0,0.0001,0.4,0.2,0.0,689,0.2456112653017044,0.8975757598876953,0.9096087,0.9025318,0.89166784,0.9060009,0.7932615,0.96063185,0.96516764,18.0,2.2,2.4,22.2,0.26970192790031433,0.887597405910492,0.8814985,0.9179632,0.8490531,0.89789355,0.7757006,0.9574028,0.9560975,21.8,3.8,2.4,27.2
4,0.0001,0.4,0.0,0.0,689,0.2996784567832947,0.8394949555397033,0.84215945,0.85809356,0.8210535,0.84920895,0.6793062,0.92858714,0.93355834,17.2,3.8,3.4,20.4,0.29023630619049073,0.8802597284317016,0.84180754,0.9343712,0.8276683,0.88515425,0.7665054,0.95434856,0.9390434,23.0,4.8,1.8,25.6
3,0.0001,0.4,0.0,0.0,689,0.26834234595298767,0.8973737478256225,0.89809525,0.91795665,0.87783194,0.90439445,0.80119324,0.94669306,0.94258386,18.2,2.6,2.0,22.0,0.2781204730272293,0.8698701143264771,0.88088524,0.8760575,0.86781293,0.87559307,0.7436287,0.9496013,0.9467257,22.4,3.6,3.6,25.6
2,0.0001,0.4,0.0,0.0,689,0.2531525641679764,0.8661616206169128,0.8407711,0.8980519,0.82948846,0.8677152,0.73413754,0.95516264,0.94967306,18.2,3.8,2.2,20.6,0.2938821345567703,0.8951948165893555,0.89625806,0.9149682,0.872067,0.9052575,0.7876975,0.95399505,0.95749885,21.8,3.2,2.6,27.6
1,0.0001,0.4,0.0,0.0,689,0.2910965085029602,0.8703030347824097,0.890972,0.8634672,0.871384,0.87463474,0.7392849,0.93604267,0.9320033,18.2,2.6,3.2,20.8,0.2909650683403015,0.8874675273895264,0.8421763,0.93600976,0.8388589,0.88642913,0.77749026,0.92922324,0.8954073,23.6,4.6,1.6,25.4
0,0.0001,0.4,0.0,0.0,689,0.24419800639152528,0.9109090924263,0.92591304,0.9112274,0.9102825,0.91841996,0.8202634,0.962258,0.96675813,18.4,1.8,2.2,22.4,0.26540517508983613,0.891233766078949,0.88637245,0.9179632,0.8573864,0.9005976,0.7828146,0.9592842,0.95849866,22.0,3.6,2.4,27.2
4,0.0001,0.2,0.4,0.0,689,0.301222151517868,0.834949505329132,0.84252167,0.84973127,0.8210535,0.8451258,0.67039025,0.9273178,0.9321605,17.2,3.8,3.6,20.2,0.29872183203697206,0.8766883015632629,0.8360011,0.9343712,0.82052547,0.88199824,0.7598747,0.95327073,0.93737066,22.8,5.0,1.8,25.6
3,0.0001,0.2,0.4,0.0,689,0.27025277316570284,0.8973737478256225,0.88789004,0.925649,0.8658702,0.90524244,0.79627603,0.9390432,0.9312309,18.0,2.8,1.8,22.2,0.2802835196256638,0.8807792067527771,0.87814236,0.9032108,0.8617237,0.8879918,0.7652583,0.94564116,0.93504703,22.2,3.8,2.8,26.4
2,0.0001,0.2,0.4,0.0,689,0.2567727446556091,0.8839393973350524,0.84685814,0.9361472,0.82948846,0.8891342,0.77158034,0.9579485,0.951717,18.2,3.8,1.4,21.4,0.28988662660121917,0.8951948046684265,0.89662343,0.9149682,0.87242925,0.90515196,0.788545,0.95426226,0.9567935,21.8,3.2,2.6,27.6
1,0.0001,0.2,0.4,0.0,689,0.30014682114124297,0.8614141464233398,0.88059825,0.85605985,0.86397666,0.86581975,0.72161853,0.93324125,0.9180314,18.0,2.8,3.4,20.6,0.29728731215000154,0.8766233801841736,0.8224136,0.9447055,0.80675733,0.8792571,0.7589274,0.92908746,0.8881219,22.8,5.4,1.4,25.6
0,0.0001,0.2,0.4,0.0,689,0.24662808775901796,0.897474753856659,0.90294874,0.9112274,0.8811415,0.9068615,0.7930477,0.9586624,0.963109,17.8,2.4,2.2,22.4,0.27309792637825014,0.887597405910492,0.8814985,0.9179632,0.8490531,0.89789355,0.7757006,0.9563608,0.95423776,21.8,3.8,2.4,27.2
4,0.0001,0.2,0.2,0.0,689,0.29976147413253784,0.8306060671806336,0.84007245,0.8413979,0.8210535,0.83982706,0.66175395,0.9289778,0.933719,17.2,3.8,3.8,20.0,0.2927197337150574,0.8802597284317016,0.84180754,0.9343712,0.8276683,0.88515425,0.7665054,0.95353603,0.93766403,23.0,4.8,1.8,25.6
3,0.0001,0.2,0.2,0.0,689,0.2640644103288651,0.8973737478256225,0.8893995,0.925649,0.86730564,0.9052628,0.7980766,0.94383985,0.93833625,18.0,2.8,1.8,22.2,0.27444649338722227,0.873506486415863,0.8801387,0.8825091,0.8681753,0.8793027,0.74937314,0.9480141,0.9431011,22.4,3.6,3.4,25.8
2,0.0001,0.2,0.2,0.0,689,0.25395087599754335,0.8706060647964478,0.8429451,0.9075758,0.82948846,0.8731697,0.7438828,0.95716286,0.9509575,18.2,3.8,2.0,20.8,0.29231040775775907,0.8879220843315124,0.884861,0.9149682,0.85540026,0.8992014,0.7736306,0.9553261,0.9585344,21.4,3.6,2.6,27.6
1,0.0001,0.2,0.2,0.0,689,0.2928910732269287,0.8703030347824097,0.890972,0.8634672,0.871384,0.87463474,0.7392849,0.9385308,0.9327822,18.2,2.6,3.2,20.8,0.2903225839138031,0.8801948070526123,0.8312233,0.93600976,0.82223356,0.8803903,0.7640402,0.9304844,0.898481,23.2,5.0,1.6,25.4
0,0.0001,0.2,0.2,0.0,689,0.24435067027807236,0.9019191980361938,0.8975385,0.9282564,0.8706152,0.9124168,0.8018508,0.9622594,0.96561223,17.6,2.6,1.8,22.8,0.2674807071685791,0.887597405910492,0.8814985,0.9179632,0.8490531,0.89789355,0.7757006,0.9576948,0.9565511,21.8,3.8,2.4,27.2
4,0.0001,0.2,0.0,0.0,689,0.2990514189004898,0.8306060671806336,0.84007245,0.8413979,0.8210535,0.83982706,0.66175395,0.92894876,0.93440455,17.2,3.8,3.8,20.0,0.28961573243141175,0.8875324606895447,0.85270107,0.9343712,0.8417077,0.89129466,0.77960384,0.9533106,0.93808615,23.4,4.4,1.8,25.6
3,0.0001,0.2,0.0,0.0,689,0.26736857295036315,0.8929293036460877,0.89211816,0.9179567,0.8673056,0.9010178,0.7928468,0.94583046,0.9414396,18.0,2.8,2.0,22.0,0.27262569069862364,0.8698701143264771,0.88088524,0.8760576,0.86781293,0.87559307,0.7436287,0.9477603,0.9430135,22.4,3.6,3.6,25.6
2,0.0001,0.2,0.0,0.0,689,0.25456571877002715,0.8661616206169128,0.8407711,0.8980519,0.82948846,0.8677152,0.73413754,0.9559644,0.94999295,18.2,3.8,2.2,20.6,0.293992280960083,0.8842207789421082,0.8746954,0.9210288,0.8383713,0.89687127,0.7660343,0.95452595,0.9572048,21.0,4.0,2.4,27.8
1,0.001,0.2,0.2,0.0,689,0.2918563783168793,0.8702020287513733,0.89074075,0.866245,0.871384,0.8762492,0.7394959,0.9357275,0.9390043,18.2,2.6,3.2,20.8,0.29635041654109956,0.8801948189735412,0.84092176,0.9201714,0.835828,0.87839556,0.76145303,0.93328047,0.90176535,23.6,4.6,2.0,25.0
1,0.0001,0.2,0.0,0.0,689,0.2903454750776291,0.8703030347824097,0.890972,0.8634672,0.871384,0.87463474,0.7392849,0.9372824,0.93471897,18.2,2.6,3.2,20.8,0.28980036079883575,0.8838311672210694,0.8403301,0.92731416,0.8388589,0.8814972,0.769235,0.9311298,0.8994786,23.6,4.6,1.8,25.2
0,0.0001,0.2,0.0,0.0,689,0.24325041770935057,0.9064646482467651,0.92512256,0.90289414,0.9102825,0.9136095,0.8119465,0.96268046,0.9669579,18.4,1.8,2.4,22.2,0.265350928902626,0.891233766078949,0.88637245,0.91796315,0.8573864,0.90059745,0.7828147,0.9598261,0.9591239,22.0,3.6,2.4,27.2
4,0.0001,0.0,0.4,0.0,689,0.2992968261241913,0.8305050611495972,0.84152174,0.8417312,0.8210535,0.84055436,0.6618416,0.9285051,0.93326175,17.2,3.8,3.8,20.0,0.2965237945318222,0.8874675393104553,0.8539258,0.9343712,0.8422186,0.8914286,0.78055257,0.95224094,0.9361696,23.4,4.4,1.8,25.6
3,0.0001,0.0,0.4,0.0,689,0.26650301516056063,0.8973737478256225,0.88789004,0.925649,0.8658702,0.90524244,0.79627603,0.9410291,0.93398917,18.0,2.8,1.8,22.2,0.27783870995044707,0.8807142734527588,0.8824703,0.89696085,0.8681753,0.88747585,0.76417726,0.94776314,0.9412702,22.4,3.6,3.0,26.2
2,0.0001,0.0,0.4,0.0,689,0.2559883832931519,0.8928282856941223,0.8604945,0.9361472,0.84615517,0.8965761,0.78797376,0.9578993,0.95077056,18.6,3.4,1.4,21.4,0.2894932985305786,0.8987662315368652,0.89751464,0.9210288,0.87242925,0.90858924,0.7955748,0.95453024,0.95777816,21.8,3.2,2.4,27.8
1,0.0001,0.0,0.4,0.0,689,0.2941883057355881,0.8791919231414795,0.89229476,0.8785669,0.871384,0.8825935,0.7579212,0.936968,0.9302705,18.2,2.6,2.8,21.2,0.293671914935112,0.8729870200157166,0.8168581,0.9447055,0.8003057,0.8760897,0.7525272,0.93070555,0.8937546,22.6,5.6,1.4,25.6
0,0.0001,0.0,0.4,0.0,689,0.24633486121892928,0.9063636422157287,0.89839315,0.93594867,0.8706152,0.91662586,0.8107974,0.96026736,0.96383303,17.6,2.6,1.6,23.0,0.2711076945066452,0.887597405910492,0.8814985,0.91796315,0.8490531,0.89789355,0.7757006,0.9577161,0.956262,21.8,3.8,2.4,27.2
4,0.0001,0.0,0.2,0.0,689,0.2986151367425919,0.834949505329132,0.84252167,0.84973127,0.8210535,0.8451258,0.67039025,0.9301651,0.9351381,17.2,3.8,3.6,20.2,0.2931399762630463,0.8802597284317016,0.84180754,0.9343712,0.8276683,0.88515425,0.7665054,0.9527809,0.9374329,23.0,4.8,1.8,25.6
3,0.0001,0.0,0.2,0.0,689,0.2671695679426193,0.8973737478256225,0.88209516,0.9333413,0.8567793,0.9060632,0.7961978,0.9422461,0.9355114,17.8,3.0,1.6,22.4,0.2765984803438187,0.8735714197158814,0.87580377,0.8889607,0.8617237,0.8802031,0.7497721,0.94829434,0.9424447,22.2,3.8,3.2,26.0
2,0.0001,0.0,0.2,0.0,689,0.2539847731590271,0.8661616206169128,0.8407711,0.8980519,0.82948846,0.8677152,0.73413754,0.9563612,0.9505879,18.2,3.8,2.2,20.6,0.2944837182760239,0.8914935111999511,0.8857522,0.9210288,0.85540026,0.90263873,0.78066033,0.95532817,0.9587221,21.4,3.6,2.4,27.8
1,0.0001,0.0,0.2,0.0,689,0.2920877754688263,0.8658585906028747,0.8904022,0.85605985,0.871384,0.8705816,0.73061275,0.938163,0.9315058,18.2,2.6,3.4,20.6,0.2902499705553055,0.8838311672210694,0.8363927,0.93600976,0.8299259,0.88336,0.7705018,0.9315098,0.89833295,23.4,4.8,1.6,25.4
0,0.0001,0.0,0.2,0.0,689,0.24320672005414962,0.9020202040672303,0.9108651,0.9112274,0.89066535,0.91088057,0.8019274,0.9631047,0.96611965,18.0,2.2,2.2,22.4,0.2680508553981781,0.887597405910492,0.8814985,0.9179632,0.8490531,0.89789355,0.7757006,0.9579792,0.9567766,21.8,3.8,2.4,27.2
4,0.0001,0.0,0.0,0.0,689,0.3023256540298462,0.8484848618507386,0.8493289,0.86539793,0.8297492,0.8568991,0.6962037,0.9285067,0.9342473,17.4,3.6,3.2,20.6,0.2925305157899857,0.8838961005210877,0.8473247,0.9343712,0.8348112,0.88816184,0.77329797,0.9514574,0.9373325,23.2,4.6,1.8,25.6
3,0.0001,0.0,0.0,0.0,689,0.2729934573173523,0.8973737478256225,0.8985797,0.91795665,0.87639654,0.9045892,0.8011568,0.94464463,0.94190633,18.2,2.6,2.0,22.0,0.2707525044679642,0.8807142853736878,0.8861829,0.8894057,0.87526786,0.88559514,0.76425195,0.94852436,0.94473296,22.6,3.4,3.2,26.0
2,0.0001,0.0,0.0,0.0,689,0.25965077579021456,0.8706060647964478,0.8421997,0.9075758,0.82948846,0.87329006,0.7431148,0.95598906,0.94989216,18.2,3.8,2.0,20.8,0.29279139935970305,0.8914934992790222,0.8854313,0.9210288,0.855038,0.9027425,0.77980155,0.9544991,0.9580451,21.4,3.6,2.4,27.8
1,0.0001,0.0,0.0,0.0,689,0.2930668830871582,0.8747474789619446,0.8914482,0.87146723,0.871384,0.8796589,0.7466885,0.93849725,0.9426953,18.2,2.6,3.0,21.0,0.29037205278873446,0.8874675273895264,0.8421763,0.93600976,0.8388589,0.88642913,0.77749026,0.93269825,0.90522003,23.6,4.6,1.6,25.4
0,0.0001,0.0,0.0,0.0,689,0.24576233625411986,0.9020202040672303,0.9108651,0.9112274,0.89066535,0.91088057,0.8019274,0.95902526,0.9611317,18.0,2.2,2.2,22.4,0.2718970239162445,0.891233766078949,0.88065827,0.92462987,0.8493864,0.9012872,0.78210694,0.96092826,0.9592263,21.8,3.8,2.2,27.4
4,0.001,0.4,0.4,0.0,689,0.29933452010154726,0.8439393997192383,0.8453333,0.86676025,0.8210535,0.85505867,0.6879953,0.92768735,0.93003595,17.2,3.8,3.2,20.6,0.29942435324192046,0.8838311672210694,0.8480145,0.9343712,0.8348112,0.88842106,0.7733233,0.95353526,0.93768805,23.2,4.6,1.8,25.6
3,0.001,0.4,0.4,0.0,689,0.26419817209243773,0.9063636422157287,0.8954092,0.9345318,0.87639654,0.9136847,0.813441,0.9419093,0.93517095,18.2,2.6,1.6,22.4,0.28339519798755647,0.8771428465843201,0.8811596,0.88941777,0.86941606,0.88301724,0.75753915,0.9484893,0.94368064,22.4,3.6,3.2,26.0
2,0.001,0.4,0.4,0.0,689,0.25070168972015383,0.8795959711074829,0.857967,0.90940726,0.8491057,0.882345,0.76065606,0.9551295,0.94708395,18.6,3.4,2.0,20.8,0.30143778026103973,0.8988311648368835,0.9021406,0.9149682,0.8798367,0.90805566,0.79562366,0.95344514,0.9568138,22.0,3.0,2.6,27.6
2,0.001,0.0,0.0,0.0,689,0.2513449192047119,0.8660606145858765,0.8474598,0.89079255,0.8400148,0.8681947,0.73265344,0.95275724,0.94750655,18.4,3.6,2.4,20.4,0.30166331231594085,0.8988311648368835,0.9021406,0.9149682,0.8798367,0.90805566,0.7956236,0.9537573,0.95594466,22.0,3.0,2.6,27.6
1,0.001,0.4,0.4,0.0,689,0.28900798261165617,0.8791919231414795,0.8850428,0.89117086,0.86138403,0.8876338,0.75351685,0.93695056,0.9350238,18.0,2.8,2.6,21.4,0.29623697102069857,0.8766233682632446,0.8255781,0.93600976,0.81509066,0.87722635,0.75764,0.9302169,0.8890451,23.0,5.2,1.6,25.4
0,0.001,0.4,0.4,0.0,689,0.2457054153084755,0.9064646482467651,0.90511113,0.92725307,0.88114154,0.9159579,0.81061,0.96308213,0.9661375,17.8,2.4,1.8,22.8,0.27718031108379365,0.8839610457420349,0.885075,0.9044,0.85674536,0.8931616,0.76812446,0.9558357,0.95451295,22.0,3.6,2.8,26.8
4,0.001,0.4,0.2,0.0,689,0.30060983896255494,0.8439393997192383,0.8453333,0.86676025,0.8210535,0.85505867,0.6879953,0.9265194,0.92898023,17.2,3.8,3.2,20.6,0.2948731243610382,0.88032466173172,0.84137744,0.9343712,0.82742196,0.88513106,0.7661807,0.9546232,0.93984354,23.0,4.8,1.8,25.6
3,0.001,0.4,0.2,0.0,689,0.259776183962822,0.9018181920051574,0.8943223,0.925008,0.87639654,0.90883625,0.8033746,0.9446713,0.93830365,18.2,2.6,1.8,22.2,0.2764408528804779,0.862597393989563,0.87179184,0.86871606,0.8594796,0.8686458,0.7264672,0.9501454,0.94656456,22.2,3.8,3.8,25.4
2,0.001,0.4,0.2,0.0,689,0.25092531740665436,0.8706060647964478,0.84823596,0.8992424,0.83782184,0.87223464,0.74270993,0.957122,0.9505603,18.4,3.6,2.2,20.6,0.30313603579998016,0.8951948046684265,0.9009091,0.9078253,0.8798367,0.90392035,0.78830266,0.95294935,0.9554628,22.0,3.0,2.8,27.4
1,0.001,0.4,0.2,0.0,689,0.2889171242713928,0.8657575845718384,0.8819891,0.8668376,0.86138403,0.87352,0.7279913,0.9344966,0.9347679,18.0,2.8,3.2,20.8,0.29753176867961884,0.8765584468841553,0.8293772,0.92731416,0.82223356,0.87545824,0.755785,0.9342871,0.8981606,23.2,5.0,1.8,25.2
0,0.001,0.4,0.2,0.0,689,0.24750878810882568,0.9064646482467651,0.91099995,0.9199231,0.89166784,0.9150588,0.8117405,0.9618207,0.9686619,18.0,2.2,2.0,22.6,0.2734806090593338,0.887597405910492,0.8858434,0.91129655,0.8573864,0.89672583,0.7761745,0.9560558,0.95457697,22.0,3.6,2.6,27.0
4,0.001,0.4,0.0,0.0,689,0.30096187591552737,0.8439393997192383,0.8453333,0.86676025,0.8210535,0.85505867,0.6879953,0.9281583,0.93122685,17.2,3.8,3.2,20.6,0.29468032717704773,0.8911038994789123,0.85468113,0.94177866,0.8417077,0.8955466,0.7876412,0.9543681,0.9394976,23.4,4.4,1.6,25.8
3,0.001,0.4,0.0,0.0,689,0.25625909864902496,0.9151515245437623,0.9162208,0.925649,0.9065401,0.9201826,0.8308379,0.9483117,0.9410691,18.8,2.0,1.8,22.2,0.2867542147636414,0.8627921938896179,0.87860453,0.86071604,0.8702944,0.86729306,0.7290089,0.95015466,0.9473791,22.4,3.6,4.0,25.2
2,0.001,0.4,0.0,0.0,689,0.25274331867694855,0.8660606145858765,0.84631616,0.888961,0.8400148,0.8665385,0.7329215,0.9539477,0.9489376,18.4,3.6,2.4,20.4,0.3018682986497879,0.8951948046684265,0.89590406,0.9149682,0.8711411,0.9050859,0.78766274,0.9526765,0.9550222,21.8,3.2,2.6,27.6
1,0.001,0.4,0.0,0.0,689,0.29198381006717683,0.8613131403923034,0.87296295,0.866245,0.8565692,0.8668925,0.72259223,0.9348787,0.9294499,17.8,3.0,3.2,20.8,0.2945095241069794,0.8765584588050842,0.83446884,0.92086256,0.82868516,0.8752909,0.75460976,0.9307958,0.8948921,23.4,4.8,2.0,25.0
0,0.001,0.4,0.0,0.0,689,0.24672316163778304,0.9109090924263,0.91866666,0.9199231,0.90075874,0.9191368,0.8201221,0.9610046,0.96827936,18.2,2.0,2.0,22.6,0.26789755523204806,0.891233766078949,0.88637245,0.9179632,0.8573864,0.9005976,0.7828146,0.9581658,0.95862657,22.0,3.6,2.4,27.2
4,0.001,0.2,0.4,0.0,689,0.2997376024723053,0.8439393997192383,0.8453333,0.86676025,0.8210535,0.85505867,0.6879953,0.9273178,0.9297532,17.2,3.8,3.2,20.6,0.2979173570871353,0.8838311672210694,0.8480145,0.9343712,0.8348112,0.88842106,0.7733233,0.95407456,0.93870914,23.2,4.6,1.8,25.6
3,0.001,0.2,0.4,0.0,689,0.2624938637018204,0.9063636422157287,0.88837034,0.94222414,0.86687267,0.9140251,0.81332177,0.9443182,0.93600404,18.0,2.8,1.4,22.6,0.2847359746694565,0.8770779252052308,0.8775135,0.89761937,0.8617237,0.884706,0.7584464,0.95058537,0.9464232,22.2,3.8,3.0,26.2
2,0.001,0.2,0.4,0.0,689,0.25054595470428465,0.875151526927948,0.8567363,0.90107393,0.8491057,0.8777736,0.75140655,0.9563036,0.9487917,18.6,3.4,2.2,20.6,0.3010953962802887,0.8988311648368835,0.9021406,0.9149682,0.8798367,0.90805566,0.79562366,0.95292187,0.9563726,22.0,3.0,2.6,27.6
1,0.001,0.2,0.4,0.0,689,0.28735981285572054,0.8657575845718384,0.8825434,0.8705413,0.86138403,0.875317,0.7294556,0.93408966,0.9308354,18.0,2.8,3.2,20.8,0.2948731929063797,0.8765584588050842,0.8295139,0.92731416,0.8224352,0.87552106,0.7558619,0.9304886,0.89167136,23.2,5.0,1.8,25.2
0,0.001,0.2,0.4,0.0,689,0.24520100206136702,0.9064646482467651,0.9047778,0.92761534,0.88114154,0.9157988,0.81109893,0.96351624,0.9684065,17.8,2.4,1.8,22.8,0.2762976586818695,0.8839610457420349,0.8807355,0.91129655,0.84841204,0.8939928,0.7687946,0.9552981,0.9536909,21.8,3.8,2.6,27.0
4,0.001,0.2,0.2,0.0,689,0.3008179783821106,0.8483838438987732,0.8463333,0.87476027,0.8210535,0.8596301,0.69654405,0.92738736,0.9296158,17.2,3.8,3.0,20.8,0.29511289298534393,0.8803246736526489,0.8372914,0.94177854,0.82052547,0.8859909,0.76788676,0.9554089,0.94063663,22.8,5.0,1.6,25.8
3,0.001,0.2,0.2,0.0,689,0.25950938165187837,0.9018181920051574,0.90070695,0.91731566,0.88548744,0.90833646,0.80326813,0.9471108,0.9398298,18.4,2.4,2.0,22.0,0.2861046016216278,0.8626623272895813,0.8674569,0.87516767,0.853028,0.86954623,0.7268661,0.9498881,0.9464386,22.0,4.0,3.6,25.6
2,0.001,0.2,0.2,0.0,689,0.24956917464733125,0.8706060647964478,0.85482943,0.8915502,0.84834814,0.8719497,0.7421919,0.95672524,0.9502805,18.6,3.4,2.4,20.4,0.30584706664085387,0.8951948046684265,0.9009091,0.9078253,0.8798367,0.90392035,0.78830266,0.953221,0.9561966,22.0,3.0,2.8,27.4
0,0.001,0.2,0.2,0.0,689,0.2471265122294426,0.9064646482467651,0.91099995,0.9199231,0.89166784,0.9150588,0.8117405,0.96062213,0.96792364,18.0,2.2,2.0,22.6,0.2761365115642548,0.8948701381683349,0.88686514,0.92462987,0.8573864,0.90433806,0.7896713,0.95525444,0.9546093,22.0,3.6,2.2,27.4
4,0.001,0.2,0.0,0.0,689,0.3000322699546814,0.8483838438987732,0.8463333,0.87476027,0.8210535,0.8596301,0.69654405,0.9297925,0.93358326,17.2,3.8,3.0,20.8,0.2938348352909088,0.8838961005210877,0.84317124,0.94177866,0.8271575,0.88921976,0.7744496,0.95516384,0.9409402,23.0,4.8,1.6,25.8
3,0.001,0.2,0.0,0.0,689,0.2574908912181854,0.9062626361846924,0.895294,0.9333413,0.8773991,0.9130026,0.8139259,0.94869804,0.94466275,18.2,2.6,1.6,22.4,0.2807065278291702,0.8699350595474243,0.8753975,0.88206416,0.8613613,0.8765519,0.7423503,0.9491296,0.9452728,22.2,3.8,3.4,25.8
2,0.001,0.2,0.0,0.0,689,0.25097988545894623,0.8660606145858765,0.8474598,0.89079255,0.8400148,0.86819476,0.73265344,0.9523443,0.94632256,18.4,3.6,2.4,20.4,0.3048791438341141,0.8988311648368835,0.9021406,0.9149682,0.8798367,0.90805566,0.79562366,0.9542926,0.9562753,22.0,3.0,2.6,27.6
1,0.001,0.2,0.0,0.0,689,0.29123832285404205,0.8568686962127685,0.8710532,0.8563191,0.8539766,0.86298716,0.70919365,0.9332341,0.92582434,17.8,3.0,3.4,20.6,0.29449675381183626,0.8837662458419799,0.8423365,0.92955816,0.835828,0.8834957,0.76944953,0.9321564,0.8970148,23.6,4.6,1.8,25.2
0,0.001,0.2,0.0,0.0,689,0.2470071256160736,0.9020202040672303,0.91824245,0.9031728,0.90075874,0.9102585,0.803072,0.9614046,0.9678092,18.2,2.0,2.4,22.2,0.2669455915689468,0.898506498336792,0.89254695,0.92462987,0.8657197,0.9073142,0.7968867,0.9597639,0.96094143,22.2,3.4,2.2,27.4
4,0.001,0.0,0.4,0.0,689,0.2981321632862091,0.839393949508667,0.838,0.86676025,0.8105272,0.85146683,0.6782781,0.9260515,0.92768,17.0,4.0,3.2,20.6,0.2998585879802704,0.8801948070526123,0.84271145,0.9343712,0.8274037,0.8853609,0.76694953,0.95117396,0.9362777,23.0,4.8,1.8,25.6
3,0.001,0.0,0.4,0.0,689,0.26411921381950376,0.9062626361846924,0.8948514,0.9327003,0.87639654,0.9127496,0.81301516,0.9430526,0.9328394,18.2,2.6,1.6,22.4,0.2854074895381927,0.873506498336792,0.8756989,0.88961935,0.8617237,0.88044536,0.74987376,0.9482319,0.9423709,22.2,3.8,3.2,26.0
2,0.001,0.0,0.4,0.0,689,0.2502257913351059,0.8840404152870178,0.86455667,0.9105977,0.85743904,0.88672554,0.7686985,0.9567087,0.94673234,18.8,3.2,2.0,20.8,0.3029244393110275,0.8951948046684265,0.9009091,0.9078253,0.8798367,0.90392035,0.78830266,0.9534664,0.9560121,22.0,3.0,2.8,27.4
1,0.001,0.0,0.4,0.0,689,0.2891216665506363,0.8703030347824097,0.8750707,0.8837635,0.8539766,0.87861997,0.73661315,0.93904483,0.9362031,17.8,3.0,2.8,21.2,0.2956764817237854,0.8765584468841553,0.83400106,0.9193432,0.82868516,0.8740177,0.7549111,0.9331856,0.907596,23.4,4.8,2.0,25.0
0,0.001,0.0,0.4,0.0,689,0.24628012329339982,0.9109090924263,0.9057778,0.93594867,0.88114154,0.9203906,0.82005006,0.96392584,0.96637106,17.8,2.4,1.6,23.0,0.2769061863422394,0.8767532587051392,0.8687841,0.91129655,0.8338232,0.8877829,0.75477016,0.95396197,0.9521159,21.4,4.2,2.6,27.0
4,0.001,0.0,0.2,0.0,689,0.29894682466983796,0.8528282880783081,0.84817946,0.88309354,0.8210535,0.86452806,0.7055764,0.9264984,0.92895526,17.2,3.8,2.8,21.0,0.29418614208698274,0.8838311791419983,0.84400177,0.94177866,0.8274037,0.88935375,0.77496153,0.95413333,0.9389404,23.0,4.8,1.6,25.8
3,0.001,0.0,0.2,0.0,689,0.257830885052681,0.9018181920051574,0.8942207,0.925649,0.8773991,0.9091099,0.8036026,0.9470682,0.94143426,18.2,2.6,1.8,22.2,0.28015121519565583,0.8554545402526855,0.8624481,0.86871606,0.8465764,0.8630902,0.7141601,0.94912165,0.9450027,21.8,4.2,3.8,25.4
2,0.001,0.0,0.2,0.0,689,0.25147365629673,0.8661616206169128,0.8528531,0.8820263,0.84834814,0.8664528,0.7326869,0.9547334,0.9504078,18.6,3.4,2.6,20.2,0.30639133751392367,0.8951948046684265,0.9009091,0.9078253,0.8798367,0.90392035,0.78830266,0.95348454,0.9558412,22.0,3.0,2.8,27.4
1,0.001,0.0,0.2,0.0,689,0.29383586943149564,0.8524242520332337,0.8784445,0.84031916,0.86397666,0.856876,0.7040738,0.9291668,0.91609305,18.0,2.8,3.8,20.2,0.294808903336525,0.887402606010437,0.8432277,0.93600976,0.835828,0.8869573,0.7772126,0.9305161,0.8918375,23.6,4.6,1.6,25.4
0,0.001,0.0,0.2,0.0,689,0.24675235599279405,0.9109090924263,0.912,0.9282564,0.89166784,0.9196507,0.8206917,0.96221435,0.9670165,18.0,2.2,1.8,22.8,0.2726105868816376,0.891233766078949,0.88637245,0.9179632,0.8573864,0.9005976,0.7828146,0.956865,0.95745057,22.0,3.6,2.4,27.2
4,0.001,0.0,0.0,0.0,689,0.29805032908916473,0.8483838438987732,0.8465128,0.87400264,0.8210535,0.85953265,0.69591415,0.9317977,0.9351057,17.2,3.8,3.0,20.8,0.2904191195964813,0.8875324606895447,0.8484742,0.94177854,0.83456486,0.8922798,0.78082335,0.95569307,0.941161,23.2,4.6,1.6,25.8
3,0.001,0.0,0.0,0.0,689,0.2651039332151413,0.8973737478256225,0.8871438,0.925649,0.86687267,0.9056408,0.79401433,0.9457916,0.9424006,18.0,2.8,1.8,22.2,0.2790326476097107,0.8806493520736695,0.8866741,0.89072275,0.8748642,0.8862851,0.7645141,0.95069236,0.9392354,22.6,3.4,3.2,26.0
1,0.001,0.0,0.0,0.0,689,0.29179475605487826,0.8479798078536988,0.87777776,0.8329117,0.86397666,0.852502,0.6962191,0.93323773,0.92607766,18.0,2.8,4.0,20.0,0.29540146589279176,0.880129873752594,0.840798,0.9212248,0.835828,0.8787611,0.76152724,0.9326393,0.8978771,23.6,4.6,2.0,25.0
0,0.001,0.0,0.0,0.0,689,0.24649724662303923,0.915353536605835,0.9263333,0.92056406,0.9102825,0.92307794,0.8297477,0.9618289,0.9652604,18.4,1.8,2.0,22.6,0.27080250680446627,0.887597405910492,0.877388,0.92462987,0.8407197,0.89901084,0.77550966,0.9598034,0.9617098,21.6,4.0,2.2,27.4
4,0.01,0.4,0.4,0.0,689,0.2949368417263031,0.8392929315567017,0.84333336,0.85876024,0.8200511,0.8501266,0.6786856,0.9288019,0.93242204,17.2,3.8,3.4,20.4,0.29557879865169523,0.8729220747947692,0.84053296,0.92008555,0.8274037,0.8776191,0.75125563,0.9511733,0.9376648,23.0,4.8,2.2,25.2
3,0.01,0.4,0.4,0.0,689,0.26327753961086275,0.8973737478256225,0.8807812,0.9327003,0.85778177,0.90545475,0.79548997,0.939006,0.92816526,17.8,3.0,1.6,22.4,0.2776510208845139,0.8915584564208985,0.8816813,0.9256624,0.86072034,0.89992964,0.78893465,0.9471572,0.93676394,22.2,3.8,2.2,27.0
2,0.01,0.4,0.4,0.0,689,0.24877036809921266,0.8839393973350524,0.8729736,0.9033383,0.8679654,0.8868394,0.76986104,0.95749414,0.9474289,19.0,3.0,2.2,20.6,0.30735102891921995,0.8951948046684265,0.89726514,0.9149682,0.87087643,0.9056838,0.787727,0.9553145,0.9601553,21.8,3.2,2.6,27.6
1,0.01,0.4,0.4,0.0,689,0.2869471460580826,0.8703030347824097,0.8835276,0.8751709,0.86138403,0.8782547,0.73730457,0.9402107,0.94116896,18.0,2.8,3.0,21.0,0.2950097143650055,0.8656493663787842,0.8303383,0.89669067,0.8293764,0.8617922,0.7308637,0.9310695,0.8997405,23.4,4.8,2.6,24.4
0,0.01,0.4,0.4,0.0,689,0.23993927389383315,0.9064646482467651,0.91099995,0.9199231,0.89166784,0.9150588,0.8117405,0.96028215,0.9647037,18.0,2.2,2.0,22.6,0.28929634392261505,0.8766883134841919,0.87380487,0.90417016,0.8407197,0.88748205,0.75299925,0.9545026,0.9542093,21.6,4.0,2.8,26.8
4,0.01,0.4,0.2,0.0,689,0.29835120439529417,0.8350505113601685,0.8416667,0.84933597,0.8210535,0.8449613,0.6695958,0.9284293,0.93448436,17.2,3.8,3.6,20.2,0.2946699559688568,0.8801948189735412,0.84699714,0.92722833,0.8345467,0.8842331,0.7664211,0.9530338,0.940142,23.2,4.6,2.0,25.4
3,0.01,0.4,0.2,0.0,689,0.2579706311225891,0.9018181920051574,0.894832,0.925008,0.8749611,0.90874803,0.8043898,0.9434622,0.93374413,18.2,2.6,1.8,22.2,0.2734269380569458,0.8807142734527588,0.8804167,0.89541245,0.8659312,0.88669604,0.7613513,0.9490441,0.94378424,22.4,3.6,3.0,26.2
2,0.01,0.4,0.2,0.0,689,0.25220277309417727,0.8793939471244812,0.8630355,0.8984849,0.8566815,0.8798887,0.75916684,0.95753527,0.95009387,18.8,3.2,2.2,20.6,0.3058128237724304,0.8914935111999511,0.8917589,0.9147788,0.864096,0.9021183,0.7819923,0.9542545,0.95886105,21.6,3.4,2.6,27.6
1,0.01,0.4,0.2,0.0,689,0.28625205159187317,0.8658585906028747,0.8826618,0.86717093,0.86138403,0.87325937,0.72961223,0.9413989,0.94385755,18.0,2.8,3.2,20.8,0.29867440462112427,0.8729220867156983,0.8384921,0.9053863,0.835828,0.8701994,0.7457676,0.9319022,0.896592,23.6,4.6,2.4,24.6
0,0.01,0.4,0.2,0.0,689,0.24342950880527497,0.9020202040672303,0.90991306,0.91158974,0.89166784,0.9102715,0.80313396,0.9614334,0.9679629,18.0,2.2,2.2,22.4,0.27536214590072633,0.8948051929473877,0.89571965,0.9115775,0.87277097,0.90287083,0.7888233,0.95664847,0.95571005,22.4,3.2,2.6,27.0
4,0.01,0.4,0.0,0.0,689,0.3014125943183899,0.8350505113601685,0.8450052,0.84066933,0.8297492,0.84233457,0.66976655,0.9312978,0.93523186,17.4,3.6,3.8,20.0,0.29264667332172395,0.8911688327789307,0.85819006,0.9349206,0.8491152,0.8942078,0.7871996,0.9543303,0.9395092,23.6,4.2,1.8,25.6
3,0.01,0.4,0.0,0.0,689,0.25846522152423856,0.8929293036460877,0.88752776,0.91731566,0.86687267,0.90050095,0.78852946,0.94870865,0.94141483,18.0,2.8,2.0,22.0,0.2752976268529892,0.8916233658790589,0.88821965,0.90876055,0.87426454,0.8969552,0.7840303,0.9548314,0.95232975,22.6,3.4,2.6,26.6
2,0.01,0.4,0.0,0.0,689,0.25611173510551455,0.8706060647964478,0.84811276,0.8984849,0.83857936,0.8723444,0.7418175,0.95393103,0.946363,18.4,3.6,2.2,20.6,0.29694182276725767,0.8879870057106019,0.8894399,0.9089076,0.8637336,0.898639,0.7738174,0.95316094,0.9576478,21.6,3.4,2.8,27.4
1,0.01,0.4,0.0,0.0,689,0.2883043080568314,0.8658585906028747,0.8826618,0.86717093,0.86138403,0.87325937,0.72961223,0.9368721,0.93795407,18.0,2.8,3.2,20.8,0.2964214652776718,0.880129873752594,0.83596736,0.92955816,0.83061713,0.88000405,0.76292306,0.932479,0.8944658,23.4,4.8,1.8,25.2
0,0.01,0.4,0.0,0.0,689,0.24325152039527892,0.9064646482467651,0.91871566,0.91158974,0.90028256,0.9145988,0.81184405,0.96259844,0.96895695,18.2,2.0,2.2,22.4,0.2668091028928757,0.9020779252052307,0.89254844,0.93203723,0.86507875,0.9112468,0.8035766,0.95929015,0.9578112,22.2,3.4,2.0,27.6
4,0.01,0.2,0.4,0.0,689,0.2956474840641022,0.8572727322578431,0.8529231,0.8827602,0.8287467,0.8673619,0.71324193,0.9288019,0.9334712,17.4,3.6,2.8,21.0,0.29788444340229037,0.8838311791419983,0.84397995,0.9420432,0.8274037,0.88907576,0.7759255,0.9524967,0.9419721,23.0,4.8,1.6,25.8
3,0.01,0.2,0.4,0.0,689,0.26128055453300475,0.9062626361846924,0.8948361,0.9333413,0.8773991,0.9133331,0.812233,0.9422272,0.93616235,18.2,2.6,1.6,22.4,0.27295634150505066,0.8916233777999878,0.8908063,0.9107658,0.87610495,0.8979212,0.7874499,0.9490593,0.93966115,22.6,3.4,2.6,26.6
2,0.01,0.2,0.4,0.0,689,0.2508179247379303,0.8928282856941223,0.8676979,0.9288877,0.85743904,0.89679253,0.7876221,0.95750254,0.9488965,18.8,3.2,1.6,21.2,0.30178472995758054,0.8951948046684265,0.89726514,0.9149682,0.87087643,0.9056838,0.787727,0.95426893,0.95704824,21.8,3.2,2.6,27.6
1,0.01,0.2,0.4,0.0,689,0.28429530560970306,0.8747474789619446,0.88469714,0.88628197,0.86138403,0.88426065,0.7470004,0.9393891,0.94071454,18.0,2.8,2.8,21.2,0.29679138362407687,0.876493513584137,0.83368933,0.9189808,0.8293764,0.8740252,0.75427085,0.9328993,0.9015492,23.4,4.8,2.0,25.0
0,0.01,0.2,0.4,0.0,689,0.2402784138917923,0.9064646482467651,0.9110001,0.9199231,0.8916677,0.9150588,0.8117405,0.96231955,0.9666851,18.0,2.2,2.0,22.6,0.28937542736530303,0.8803246736526489,0.8839606,0.8977184,0.85674536,0.8898185,0.7596317,0.9553111,0.9528335,22.0,3.6,3.0,26.6
4,0.01,0.2,0.2,0.0,689,0.29990769028663633,0.8350505113601685,0.8416667,0.84933597,0.8210535,0.8449613,0.6695958,0.93090725,0.9367048,17.2,3.8,3.6,20.2,0.29332839250564574,0.8838961005210877,0.85146964,0.9272283,0.8417077,0.8871592,0.7722829,0.9543195,0.9416151,23.4,4.4,2.0,25.4
3,0.01,0.2,0.2,0.0,689,0.2572593867778778,0.9062626361846924,0.8878125,0.9403925,0.86687267,0.91309005,0.81289595,0.9458706,0.9413555,18.0,2.8,1.4,22.6,0.27066957056522367,0.880779218673706,0.8797414,0.89496744,0.8665309,0.88620347,0.76153433,0.9537808,0.95277244,22.4,3.6,3.0,26.2
2,0.01,0.2,0.2,0.0,689,0.2525231331586838,0.8750505089759827,0.8553799,0.8984849,0.84691274,0.8758604,0.750662,0.9546755,0.94578373,18.6,3.4,2.2,20.6,0.29656091034412385,0.8879870057106019,0.8894399,0.9089076,0.8637336,0.898639,0.7738174,0.9547744,0.96011543,21.6,3.4,2.8,27.4
1,0.01,0.2,0.2,0.0,689,0.28635639846324923,0.8703030347824097,0.8835276,0.8751709,0.86138403,0.8782547,0.73730457,0.9393613,0.9413298,18.0,2.8,3.0,21.0,0.29356766641139986,0.880129873752594,0.8398431,0.9189808,0.835828,0.8772906,0.76103514,0.93270576,0.8972017,23.6,4.6,2.0,25.0
0,0.01,0.2,0.2,0.0,689,0.24469362199306488,0.9064646482467651,0.91099995,0.9199231,0.89166784,0.9150588,0.8117405,0.96103656,0.96515065,18.0,2.2,2.0,22.6,0.2728089690208435,0.8984415650367736,0.89406025,0.9253706,0.8647453,0.907948,0.79757404,0.95771104,0.95646685,22.2,3.4,2.2,27.4
4,0.01,0.2,0.0,0.0,689,0.30154536962509154,0.8350505113601685,0.8450052,0.84066933,0.8297492,0.84233457,0.66976655,0.9305315,0.93343717,17.4,3.6,3.8,20.0,0.29327871799468996,0.8911688327789307,0.85819006,0.9349206,0.8491152,0.8942078,0.7871996,0.9535273,0.9385228,23.6,4.2,1.8,25.6
3,0.01,0.2,0.0,0.0,689,0.25844626128673553,0.8973737478256225,0.8945278,0.91731566,0.87596357,0.9042244,0.79705346,0.9466742,0.93991387,18.2,2.6,2.0,22.0,0.27227357029914856,0.8806493401527404,0.88806677,0.89050925,0.87426454,0.8868722,0.76420534,0.95618296,0.9533304,22.6,3.4,3.2,26.0
2,0.01,0.2,0.0,0.0,689,0.2569092929363251,0.8706060647964478,0.84811276,0.8984849,0.83857936,0.8723444,0.7418175,0.9539477,0.94655913,18.4,3.6,2.2,20.6,0.29836471378803253,0.8842857122421265,0.8790476,0.9149682,0.84634227,0.8965167,0.76508147,0.9520812,0.95678014,21.2,3.8,2.6,27.6
1,0.01,0.2,0.0,0.0,689,0.2892020225524902,0.874848484992981,0.8833048,0.8785669,0.8602729,0.87897396,0.7473531,0.93151295,0.9303147,18.0,2.8,2.8,21.2,0.2942405313253403,0.8693506479263305,0.82412827,0.9224154,0.8170227,0.8700596,0.7423628,0.93171865,0.89266264,23.0,5.2,2.0,25.0
0,0.01,0.2,0.0,0.0,689,0.2436738431453705,0.9109090924263,0.92548484,0.91158974,0.9102825,0.9180498,0.8210207,0.96060956,0.96702546,18.4,1.8,2.2,22.4,0.2657495677471161,0.8911688208580018,0.8858059,0.918474,0.8573864,0.9009489,0.7819537,0.9600851,0.95978975,22.0,3.6,2.4,27.2
4,0.01,0.0,0.4,0.0,689,0.2968190312385559,0.8572727322578431,0.85933334,0.87476027,0.839273,0.8665616,0.71382344,0.92876303,0.933164,17.6,3.4,3.0,20.8,0.29696819484233855,0.8911039113998414,0.85494995,0.9423281,0.8417077,0.89581555,0.7878908,0.9524684,0.94128627,23.4,4.4,1.6,25.8
3,0.01,0.0,0.4,0.0,689,0.2623021095991135,0.9018181920051574,0.87075776,0.9574216,0.83672917,0.9116861,0.8061094,0.9422094,0.9365349,17.4,3.4,1.0,23.0,0.27278050482273103,0.8843506455421448,0.8818182,0.90276587,0.86717194,0.89057064,0.77009934,0.9482643,0.93978786,22.4,3.6,2.8,26.4
2,0.01,0.0,0.4,0.0,689,0.2500983148813248,0.8883838415145874,0.86498535,0.91753244,0.85743904,0.8903848,0.777582,0.95833695,0.9482458,18.8,3.2,1.8,21.0,0.2920133829116821,0.8951948046684265,0.89590406,0.9149682,0.8711411,0.9050859,0.78766274,0.95427,0.95797014,21.8,3.2,2.6,27.6
1,0.01,0.0,0.4,0.0,689,0.28913799226284026,0.8747474789619446,0.8840974,0.8825784,0.86138403,0.8823078,0.74597675,0.9390354,0.9363924,18.0,2.8,2.8,21.2,0.2922760218381882,0.8801948070526123,0.8312233,0.93600976,0.82223356,0.8803903,0.7640402,0.9318191,0.89082986,23.2,5.0,1.6,25.4
0,0.01,0.0,0.4,0.0,689,0.24120927304029466,0.9109090924263,0.9057778,0.93594867,0.88114154,0.9203906,0.82005006,0.9627147,0.9645983,17.8,2.4,1.6,23.0,0.2771757781505585,0.8840259790420533,0.88382876,0.9044,0.8575411,0.89274514,0.7680573,0.9577505,0.9555869,22.0,3.6,2.8,26.8
4,0.01,0.0,0.2,0.0,689,0.2986056625843048,0.8350505113601685,0.8363333,0.8573359,0.8123579,0.84601736,0.66991377,0.92971516,0.9355893,17.0,4.0,3.4,20.4,0.2941655576229095,0.8838311672210694,0.8521592,0.9272283,0.8417077,0.88741857,0.77230823,0.9540738,0.9410799,23.4,4.4,2.0,25.4
3,0.01,0.0,0.2,0.0,689,0.25852387845516206,0.8973737478256225,0.88852775,0.925649,0.86687267,0.90509284,0.7974806,0.94669104,0.9426249,18.0,2.8,1.8,22.2,0.2702434450387955,0.8807142734527588,0.8962563,0.87561256,0.8896492,0.88432187,0.76303804,0.95543176,0.9544207,23.0,3.0,3.6,25.6
2,0.01,0.0,0.2,0.0,689,0.253566375374794,0.8749495029449463,0.84956205,0.9080087,0.83782184,0.8775705,0.7509934,0.957122,0.95063007,18.4,3.6,2.0,20.8,0.2959353566169739,0.8915584444999695,0.8903869,0.9149682,0.8637336,0.9021821,0.78058416,0.95612687,0.96070355,21.6,3.4,2.6,27.6
1,0.01,0.0,0.2,0.0,689,0.2898188680410385,0.874848484992981,0.89834917,0.86745584,0.881384,0.88020355,0.7504705,0.9360954,0.9377737,18.4,2.4,3.2,20.8,0.2968286365270615,0.8765584468841553,0.8381933,0.91183805,0.83830947,0.8732952,0.7532698,0.9319746,0.89502954,23.6,4.6,2.2,24.8
0,0.01,0.0,0.2,0.0,689,0.24394503980875015,0.9020202040672303,0.9171516,0.902894,0.9011916,0.9095392,0.8031988,0.9642743,0.9696661,18.2,2.0,2.4,22.2,0.2710862010717392,0.8912986993789673,0.89124185,0.91129655,0.86618215,0.89936,0.7839534,0.95719594,0.9566371,22.2,3.4,2.6,27.0
4,0.01,0.0,0.0,0.0,689,0.300393545627594,0.8394949555397033,0.8473768,0.84900266,0.8297492,0.84788495,0.67808336,0.9325367,0.9348879,17.4,3.6,3.6,20.2,0.29108773171901703,0.8911038994789123,0.86332166,0.92722833,0.85625803,0.89358985,0.78563684,0.95433104,0.9397128,23.8,4.0,2.0,25.4
3,0.01,0.0,0.0,0.0,689,0.25397227704524994,0.9062626361846924,0.89589006,0.9333413,0.87596357,0.91322434,0.813931,0.9470522,0.94118994,18.2,2.6,1.6,22.4,0.2701526939868927,0.8879869937896728,0.88708335,0.90186393,0.87426454,0.89325345,0.7760769,0.9559048,0.9539181,22.6,3.4,2.8,26.4
2,0.01,0.0,0.0,0.0,689,0.2598529577255249,0.8749495029449463,0.85494506,0.8984849,0.84615517,0.87583894,0.7500595,0.95273286,0.9440452,18.6,3.4,2.2,20.6,0.28805781304836275,0.8879220843315124,0.8900081,0.9085166,0.8637336,0.8989083,0.7728324,0.9534327,0.9572293,21.6,3.4,2.8,27.4
1,0.01,0.0,0.0,0.0,689,0.291194748878479,0.8747474789619446,0.87815034,0.8896781,0.85027295,0.8818947,0.74776113,0.93315756,0.9317837,17.8,3.0,2.6,21.4,0.2968431681394577,0.8693506479263305,0.8197931,0.92955816,0.8111205,0.87065154,0.74421114,0.9317026,0.8911387,22.8,5.4,1.8,25.2
0,0.01,0.0,0.0,0.0,689,0.24557966589927674,0.9019191980361938,0.92448485,0.8958975,0.9102825,0.90941274,0.8038832,0.96384525,0.969762,18.4,1.8,2.6,22.0,0.2655117273330688,0.8948701381683349,0.886865,0.9246298,0.8573864,0.904338,0.7896713,0.96006316,0.959575,22.0,3.6,2.2,27.4
4,0.0001,0.2,0.4,0.0001,689,0.30133500695228577,0.834949505329132,0.8425218,0.84973127,0.8210535,0.8451258,0.67039025,0.92771304,0.9328098,17.2,3.8,3.6,20.2,0.29879084825515745,0.8766883015632629,0.8360011,0.9343712,0.82052547,0.88199824,0.7598747,0.95327073,0.93737066,22.8,5.0,1.8,25.6
0,0.0001,0.4,0.0,0.0001,689,0.2441892847418785,0.915353536605835,0.9262754,0.9199231,0.9102825,0.92286026,0.8293375,0.962258,0.96675825,18.4,1.8,2.0,22.6,0.26539231836795807,0.891233766078949,0.88637245,0.9179632,0.8573864,0.90059745,0.7828147,0.9592842,0.9584988,22.0,3.6,2.4,27.2
1,0.0001,0.4,0.0,0.0001,689,0.2910525143146515,0.8747474789619446,0.8915011,0.8708746,0.871384,0.8785404,0.7484726,0.93604267,0.9320032,18.2,2.6,3.0,21.0,0.2908135414123535,0.8874675273895264,0.8421763,0.93600976,0.8388588,0.88642913,0.77749026,0.9294921,0.8955927,23.6,4.6,1.6,25.4
2,0.0001,0.4,0.0,0.0001,689,0.2532649487257004,0.8661616206169128,0.8407711,0.8980519,0.8294886,0.86771506,0.73413754,0.9547658,0.94880736,18.2,3.8,2.2,20.6,0.2934976160526276,0.8951948165893555,0.89625806,0.91496813,0.872067,0.9052575,0.78769743,0.9542596,0.9577295,21.8,3.2,2.6,27.6
3,0.0001,0.4,0.0,0.0001,689,0.26834045350551605,0.8973737478256225,0.89809525,0.9179567,0.87783194,0.90439445,0.80119324,0.94669306,0.94258386,18.2,2.6,2.0,22.0,0.2779092162847519,0.8698701143264771,0.8808853,0.8760575,0.86781293,0.87559307,0.7436287,0.94960135,0.9467257,22.4,3.6,3.6,25.6
4,0.0001,0.4,0.0,0.0001,689,0.29980260133743286,0.8394949555397033,0.84215945,0.85809356,0.8210535,0.84920883,0.6793062,0.92858726,0.93355834,17.2,3.8,3.4,20.4,0.2903657853603363,0.8802597284317016,0.84180754,0.9343712,0.8276683,0.88515425,0.7665054,0.95433915,0.9386306,23.0,4.8,1.8,25.6
0,0.0001,0.4,0.2,0.0001,689,0.24561937898397446,0.9020202040672303,0.91033334,0.9112274,0.89166784,0.91062623,0.80230033,0.96063185,0.9651675,18.0,2.2,2.2,22.4,0.2698286294937134,0.887597405910492,0.8814985,0.9179632,0.8490531,0.89789355,0.7757007,0.95739925,0.9563033,21.8,3.8,2.4,27.2
1,0.0001,0.4,0.2,0.0001,689,0.29359443485736847,0.8747474789619446,0.8915011,0.8708747,0.871384,0.8785404,0.7484726,0.9397839,0.9374267,18.2,2.6,3.0,21.0,0.2941569596529007,0.8801948189735412,0.82737714,0.9447055,0.8157819,0.8819574,0.76604146,0.93180627,0.8965117,23.0,5.2,1.4,25.6
2,0.0001,0.4,0.2,0.0001,689,0.25347526669502257,0.8706060647964478,0.842945,0.9075758,0.8294886,0.8731696,0.7438828,0.95715487,0.9513955,18.2,3.8,2.0,20.8,0.2922929137945175,0.8915584444999695,0.89109755,0.91496813,0.86409587,0.90217113,0.78159153,0.955325,0.95864,21.6,3.4,2.6,27.6
3,0.0001,0.4,0.2,0.0001,689,0.26757100522518157,0.8973737478256225,0.8893995,0.925649,0.8673056,0.9052628,0.7980766,0.9442803,0.9396008,18.0,2.8,1.8,22.2,0.27950741052627565,0.873506486415863,0.8801386,0.8825091,0.8681753,0.8793027,0.74937314,0.94779414,0.9438469,22.4,3.6,3.4,25.8
4,0.0001,0.4,0.2,0.0001,689,0.3010197639465332,0.8306060671806336,0.8400725,0.8413979,0.8210535,0.83982706,0.66175395,0.9285857,0.93369865,17.2,3.8,3.8,20.0,0.2944737017154694,0.8766883015632629,0.8360011,0.9343712,0.82052547,0.88199824,0.7598747,0.95432967,0.9390565,22.8,5.0,1.8,25.6
0,0.0001,0.4,0.4,0.0001,689,0.24636302292346954,0.897474753856659,0.8967265,0.91891974,0.8706152,0.90760136,0.7924062,0.9594642,0.9638375,17.6,2.6,2.0,22.6,0.27385257482528685,0.887597405910492,0.8812645,0.9179632,0.84841204,0.8978645,0.7754348,0.9560879,0.95427954,21.8,3.8,2.4,27.2
1,0.0001,0.4,0.4,0.0001,689,0.29611356258392335,0.8703030347824097,0.8911959,0.86375207,0.871384,0.87463474,0.7400614,0.9352989,0.9249981,18.2,2.6,3.2,20.8,0.2945732146501541,0.8766233801841736,0.8224136,0.9447055,0.80675733,0.8792571,0.7589274,0.9290904,0.8903801,22.8,5.4,1.4,25.6
2,0.0001,0.4,0.4,0.0001,689,0.25717771947383883,0.8794949531555176,0.8456723,0.92662334,0.8294886,0.8840602,0.76207536,0.9559396,0.94856185,18.2,3.8,1.6,21.2,0.29130014181137087,0.8951948046684265,0.89662343,0.91496813,0.87242925,0.90515196,0.7885451,0.95452386,0.956662,21.8,3.2,2.6,27.6
3,0.0001,0.4,0.4,0.0001,689,0.2704093366861343,0.8929293036460877,0.8805567,0.925649,0.8563464,0.9015009,0.7873701,0.93742454,0.9263951,17.8,3.0,1.8,22.2,0.28032218515872953,0.8879870057106019,0.8810933,0.91810733,0.8617237,0.89595425,0.78178424,0.94585454,0.93265456,22.2,3.8,2.4,26.8
4,0.0001,0.4,0.4,0.0001,689,0.3014080345630646,0.8394949555397033,0.84324634,0.8577312,0.8210535,0.8497176,0.6788032,0.9264742,0.9313345,17.2,3.8,3.4,20.4,0.3009769916534424,0.8766883015632629,0.8360011,0.9343712,0.82052547,0.88199824,0.7598747,0.95142764,0.93616486,22.8,5.0,1.8,25.6
0,0.01,0.0,0.0,0.001,689,0.24297626167535782,0.9064646482467651,0.92512256,0.902894,0.9102825,0.9136095,0.8119466,0.9630195,0.96906596,18.4,1.8,2.4,22.2,0.26522434055805205,0.891233766078949,0.89554036,0.9044,0.87277097,0.8988034,0.78238297,0.95979595,0.9608261,22.4,3.2,2.8,26.8
1,0.01,0.0,0.0,0.001,689,0.2891355693340302,0.8657575845718384,0.87137383,0.8819858,0.8402729,0.87454736,0.72932136,0.93764275,0.9385063,17.6,3.2,2.8,21.2,0.2919295221567154,0.8585065007209778,0.8071515,0.92086256,0.7962853,0.85959226,0.7231101,0.9322403,0.89176625,22.4,5.8,2.0,25.0
2,0.01,0.0,0.0,0.001,689,0.24723570048809052,0.8793939471244812,0.86123335,0.8984849,0.8578719,0.87929946,0.7588947,0.95555913,0.94751626,18.8,3.2,2.2,20.6,0.3093192130327225,0.8879220843315124,0.88662785,0.91496813,0.85312283,0.9003898,0.7717432,0.95208853,0.9552162,21.4,3.6,2.6,27.6
3,0.01,0.0,0.0,0.001,689,0.2519796758890152,0.8973737478256225,0.86963713,0.9487259,0.83529377,0.90731907,0.7956513,0.9474495,0.9405136,17.4,3.4,1.2,22.8,0.2736587315797806,0.8952597379684448,0.8709893,0.94456035,0.84469473,0.9041076,0.7958859,0.9548516,0.95107365,21.8,4.2,1.6,27.6
4,0.01,0.0,0.0,0.001,689,0.29847742319107057,0.8350505113601685,0.8450052,0.84066933,0.8297492,0.84233457,0.66976655,0.93253195,0.93809956,17.4,3.6,3.8,20.0,0.2890918493270874,0.8948051929473877,0.85942155,0.9420635,0.8491151,0.8983432,0.79452056,0.95330125,0.9400198,23.6,4.2,1.6,25.8
0,0.01,0.0,0.2,0.001,689,0.24124090522527694,0.915353536605835,0.9192821,0.92725307,0.9011916,0.9231828,0.8287878,0.96026933,0.9627517,18.2,2.0,1.8,22.8,0.2721939980983734,0.8803896069526672,0.8807567,0.9044,0.84951544,0.89031684,0.7620429,0.95986575,0.96013415,21.8,3.8,2.8,26.8
1,0.01,0.0,0.2,0.001,689,0.2859880268573761,0.8747474789619446,0.88578093,0.8831709,0.8602729,0.88341105,0.74535114,0.94171274,0.94751394,18.0,2.8,2.8,21.2,0.29162850975990295,0.880129873752594,0.8486954,0.90314233,0.8521055,0.87474793,0.7588259,0.93089217,0.90520585,24.0,4.2,2.4,24.6
2,0.01,0.0,0.2,0.001,689,0.24844219982624055,0.8616161704063415,0.8478974,0.8831002,0.8400148,0.8640019,0.7246814,0.95711404,0.95002806,18.4,3.6,2.6,20.2,0.30120995342731477,0.8987662315368652,0.89815646,0.92102873,0.8708765,0.90912116,0.79475665,0.95319444,0.958368,21.8,3.2,2.4,27.8
3,0.01,0.0,0.2,0.001,689,0.25292461216449735,0.9018181920051574,0.87645787,0.9487259,0.8472555,0.91088325,0.8045877,0.94750106,0.94439566,17.6,3.2,1.2,22.8,0.2702069878578186,0.8988311767578125,0.89345616,0.9156691,0.8813159,0.90332544,0.7981349,0.9545965,0.95178163,22.8,3.2,2.4,26.8
4,0.01,0.0,0.2,0.001,689,0.2974076569080353,0.8528282880783081,0.84176934,0.89109355,0.8105272,0.8653283,0.70499486,0.93208134,0.93787515,17.0,4.0,2.6,21.2,0.2912696450948715,0.8947402715682984,0.8557564,0.9494709,0.8417077,0.89943135,0.7960218,0.9532997,0.9423424,23.4,4.4,1.4,26.0
0,0.01,0.0,0.4,0.001,689,0.2365833818912506,0.9063636422157287,0.89839315,0.9359487,0.8706152,0.91662586,0.8107975,0.96071947,0.9620121,17.6,2.6,1.6,23.0,0.28045283555984496,0.8767532467842102,0.87830603,0.8975034,0.84920776,0.88626444,0.7537176,0.9572179,0.9559706,21.8,3.8,3.0,26.6
1,0.01,0.0,0.4,0.001,689,0.28506727516651154,0.8746464729309082,0.8822931,0.88224494,0.8639766,0.881279,0.74588424,0.94220793,0.93784285,18.0,2.8,2.8,21.2,0.2928032994270325,0.8729220867156983,0.8335249,0.91183794,0.82873535,0.8706614,0.74611396,0.9313818,0.9051422,23.4,4.8,2.2,24.8
2,0.01,0.0,0.4,0.001,689,0.24863281846046448,0.8749495029449463,0.85520965,0.89967537,0.84834814,0.876633,0.75047123,0.95835334,0.9505156,18.6,3.4,2.2,20.6,0.29770859479904177,0.9060389518737793,0.9099102,0.92102873,0.88697946,0.9149947,0.8097962,0.9526655,0.95642567,22.2,2.8,2.4,27.8
3,0.01,0.0,0.4,0.001,689,0.26278775930404663,0.893030309677124,0.86364955,0.9505574,0.82620287,0.9045334,0.78837025,0.9418287,0.93611574,17.2,3.6,1.2,22.8,0.27378982603549956,0.8843506455421448,0.8818182,0.90276587,0.86717194,0.89057064,0.77009934,0.9513854,0.9470261,22.4,3.6,2.8,26.4
4,0.01,0.0,0.4,0.001,689,0.2956774652004242,0.8482828378677368,0.8453334,0.87476027,0.820051,0.8592695,0.69594675,0.93086034,0.9355192,17.2,3.8,3.0,20.8,0.29323276281356814,0.8802597284317016,0.8380575,0.9423281,0.8202608,0.88635206,0.7683801,0.9527518,0.94118756,22.8,5.0,1.6,25.8
0,0.01,0.2,0.0,0.001,689,0.24427630603313447,0.9064646482467651,0.92512256,0.902894,0.9102825,0.9136095,0.8119466,0.9582144,0.96107185,18.4,1.8,2.4,22.2,0.2639164924621582,0.8948051929473877,0.8976412,0.91180736,0.87307864,0.9030515,0.7905085,0.96249235,0.9633461,22.4,3.2,2.6,27.0
1,0.01,0.2,0.0,0.001,689,0.28808000683784485,0.8837373733520508,0.8951963,0.8902706,0.8676804,0.8915018,0.76420504,0.93479174,0.93708384,18.2,2.6,2.6,21.4,0.2931469589471817,0.8692857265472412,0.8186492,0.92731416,0.8093303,0.86924297,0.7431468,0.931697,0.89385957,22.8,5.4,1.8,25.2
2,0.01,0.2,0.0,0.001,689,0.2538874179124832,0.8750505089759827,0.8614255,0.89079255,0.85743904,0.8756536,0.7496163,0.95313007,0.9458884,18.8,3.2,2.4,20.4,0.30156631767749786,0.8770129919052124,0.8769509,0.9024681,0.84753275,0.88918245,0.75105137,0.95155543,0.9564458,21.2,3.8,3.0,27.2
3,0.01,0.2,0.0,0.001,689,0.253697344660759,0.8884848594665528,0.8810662,0.91731566,0.85778177,0.89692956,0.78021955,0.9462694,0.9393442,17.8,3.0,2.0,22.0,0.2696585267782211,0.8807792067527771,0.88500154,0.88741237,0.87426454,0.8851118,0.7613143,0.9543003,0.95239866,22.6,3.4,3.2,26.0
4,0.01,0.2,0.0,0.001,689,0.3015471577644348,0.8483838438987732,0.851,0.86566937,0.83057725,0.8578659,0.69600165,0.9344786,0.9399414,17.4,3.6,3.2,20.6,0.28588309288024905,0.8984415531158447,0.860571,0.9494709,0.8491151,0.90235317,0.8023364,0.95776004,0.9491766,23.6,4.2,1.4,26.0
0,0.01,0.2,0.2,0.001,689,0.24143050014972686,0.9064646482467651,0.9117199,0.91891974,0.89066535,0.9150894,0.8108741,0.95866776,0.96037024,18.0,2.2,2.0,22.6,0.28530659675598147,0.8838961005210877,0.88104165,0.91180736,0.84841204,0.89459145,0.7681692,0.95825225,0.95773953,21.8,3.8,2.6,27.0
1,0.01,0.2,0.2,0.001,689,0.2858873248100281,0.8658585906028747,0.883619,0.86465245,0.8602729,0.8728689,0.72730523,0.9437873,0.94804066,18.0,2.8,3.2,20.8,0.28986056745052335,0.8765584468841553,0.8474873,0.89705306,0.8512126,0.87130433,0.75104475,0.93569976,0.91718626,24.0,4.2,2.6,24.4
2,0.01,0.2,0.2,0.001,689,0.2455345094203949,0.8928282856941223,0.87175465,0.91753244,0.8669629,0.89397657,0.78626096,0.9579321,0.95165074,19.0,3.0,1.8,21.0,0.3035107642412186,0.8842857122421265,0.88316077,0.9078253,0.855038,0.8951914,0.76528084,0.9542459,0.9594582,21.4,3.6,2.8,27.4
3,0.01,0.2,0.2,0.001,689,0.2521393895149231,0.9062626361846924,0.88822925,0.9403926,0.8683082,0.9131524,0.81331336,0.9467163,0.9427123,18.0,2.8,1.4,22.6,0.271587198972702,0.8916233777999878,0.8904427,0.91032094,0.87610495,0.89740133,0.78767127,0.9553377,0.95296466,22.6,3.4,2.6,26.6
4,0.01,0.2,0.2,0.001,689,0.2978353977203369,0.8483838438987732,0.8463333,0.87476027,0.8210535,0.85963,0.69654405,0.927642,0.9322832,17.2,3.8,3.0,20.8,0.2931297332048416,0.8838961005210877,0.8530391,0.92722833,0.84195405,0.8876692,0.772859,0.9519771,0.9400419,23.4,4.4,2.0,25.4
0,0.01,0.2,0.4,0.001,689,0.23778177797794342,0.897474753856659,0.8967265,0.91891974,0.8706152,0.90760136,0.7924062,0.9618565,0.9646578,17.6,2.6,2.0,22.6,0.28410145342350007,0.8766233682632446,0.8746187,0.90491074,0.84007865,0.88786507,0.7536073,0.9568788,0.9546584,21.6,4.0,2.8,26.8
1,0.01,0.2,0.4,0.001,689,0.2822085112333298,0.8791919231414795,0.8926185,0.8831709,0.871384,0.8867653,0.7551975,0.94055,0.9399889,18.2,2.6,2.8,21.2,0.2840554267168045,0.88032466173172,0.83987796,0.92053366,0.83692694,0.8782069,0.7614091,0.93400717,0.9077485,23.6,4.6,2.0,25.0
2,0.01,0.2,0.4,0.001,689,0.24389874339103698,0.8839393973350524,0.87086666,0.9015068,0.8657724,0.8856699,0.76769364,0.9591058,0.9508214,19.0,3.0,2.2,20.6,0.3070690006017685,0.8951948046684265,0.90226156,0.9078253,0.8786462,0.90444136,0.788492,0.955294,0.9611314,22.0,3.0,2.8,27.4
3,0.01,0.2,0.4,0.001,689,0.25816865265369415,0.9151515245437623,0.9024059,0.94103354,0.88649,0.92112035,0.82985306,0.9418491,0.9361847,18.4,2.4,1.4,22.6,0.2736602395772934,0.8915584444999695,0.8864893,0.91876584,0.8677716,0.8990736,0.7886055,0.9490428,0.94057304,22.4,3.6,2.4,26.8
4,0.01,0.2,0.4,0.001,689,0.2950648546218872,0.8528282880783081,0.84625643,0.8827602,0.820051,0.86366165,0.70508236,0.9307972,0.93466836,17.2,3.8,2.8,21.0,0.2918905168771744,0.8874675273895264,0.8454741,0.94973546,0.82740384,0.8934763,0.783483,0.95302504,0.9409955,23.0,4.8,1.4,26.0
0,0.01,0.4,0.0,0.001,689,0.24325192719697952,0.9020202040672303,0.9171516,0.902894,0.9011916,0.9095392,0.8031988,0.9582159,0.9626651,18.2,2.0,2.4,22.2,0.26877577006816866,0.8911688208580018,0.8923993,0.91180736,0.86538637,0.9002099,0.78349125,0.9608987,0.9607086,22.2,3.4,2.6,27.0
1,0.01,0.4,0.0,0.001,689,0.28582545518875124,0.8747474789619446,0.8958055,0.8751709,0.86768025,0.88368005,0.74688196,0.9412382,0.9445707,18.2,2.6,3.0,21.0,0.28748719394207,0.883766233921051,0.84050494,0.92731416,0.8383094,0.88160074,0.7690412,0.9346224,0.90240383,23.6,4.6,1.8,25.2
2,0.01,0.4,0.0,0.001,689,0.2529951810836792,0.8794949531555176,0.8617104,0.8984849,0.85743904,0.8795723,0.7588617,0.9563451,0.9507643,18.8,3.2,2.2,20.6,0.2999065935611725,0.8915584564208985,0.88985413,0.91496813,0.8649241,0.9018809,0.7807815,0.95318717,0.95841515,21.6,3.4,2.6,27.6
3,0.01,0.4,0.0,0.001,689,0.24821275770664214,0.8973737478256225,0.8866273,0.925008,0.86687267,0.904803,0.79516953,0.9507052,0.9497665,18.0,2.8,1.8,22.2,0.26658966243267057,0.8915584444999695,0.8924848,0.90296745,0.8813159,0.8965807,0.78336674,0.9582783,0.9584986,22.8,3.2,2.8,26.4
4,0.01,0.4,0.0,0.001,689,0.30175705552101134,0.8439393997192383,0.8495507,0.8573359,0.8297492,0.8532041,0.6865839,0.93288976,0.9390067,17.4,3.6,3.4,20.4,0.2899121969938278,0.8983766317367554,0.8656284,0.9420635,0.85625803,0.90161,0.8013385,0.9546138,0.9437858,23.8,4.0,1.6,25.8
0,0.01,0.4,0.2,0.001,689,0.24088859260082246,0.9064646482467651,0.91133326,0.91956073,0.89166784,0.91521806,0.81125146,0.9598483,0.96141565,18.0,2.2,2.0,22.6,0.2849666565656662,0.8838961005210877,0.88571346,0.90491074,0.8561044,0.8936719,0.7680216,0.9587885,0.957399,22.0,3.6,2.8,26.8
1,0.01,0.4,0.2,0.001,689,0.2843219757080078,0.8658585906028747,0.88404083,0.8640598,0.8602729,0.8722515,0.7281699,0.94256914,0.94638157,18.0,2.8,3.2,20.8,0.2861044704914093,0.8765584468841553,0.8374383,0.9125292,0.8376182,0.87332785,0.752995,0.93267405,0.90882283,23.6,4.6,2.2,24.8
2,0.01,0.4,0.2,0.001,689,0.24666172862052918,0.8839393973350524,0.86368674,0.9080087,0.85743904,0.8850691,0.7683667,0.95955217,0.9525865,18.8,3.2,2.0,20.8,0.3034071058034897,0.8987662315368652,0.90416306,0.9147787,0.8795721,0.9086007,0.79608864,0.9539806,0.95928365,22.0,3.0,2.6,27.6
3,0.01,0.4,0.2,0.001,689,0.25281096398830416,0.8973737478256225,0.8950669,0.91795665,0.87783194,0.90519553,0.7957853,0.9478968,0.9450439,18.2,2.6,2.0,22.0,0.2798102170228958,0.880779218673706,0.88255084,0.90497273,0.86320174,0.8883518,0.7716284,0.9538352,0.9507731,22.2,3.8,2.8,26.4
4,0.01,0.4,0.2,0.001,689,0.29770734906196594,0.8528282880783081,0.8481795,0.88309354,0.8210535,0.864528,0.7055764,0.9276841,0.9328747,17.2,3.8,2.8,21.0,0.2972003370523453,0.8838311672210694,0.8521593,0.92722833,0.8417077,0.88741857,0.77230823,0.951182,0.9383215,23.4,4.4,2.0,25.4
0,0.01,0.4,0.4,0.001,689,0.23688952177762984,0.9019191980361938,0.8976496,0.92691976,0.8706152,0.9119936,0.80133855,0.9626566,0.967315,17.6,2.6,1.8,22.8,0.28094299137592316,0.8838961005210877,0.88571346,0.90491074,0.8561044,0.8936719,0.7680216,0.95504874,0.9547043,22.0,3.6,2.8,26.8
1,0.01,0.4,0.4,0.001,689,0.28535981476306915,0.8836363673210144,0.8873682,0.8982706,0.8602729,0.89150447,0.763794,0.9397421,0.93630064,18.0,2.8,2.4,21.6,0.28812116384506226,0.8766233682632446,0.83768433,0.91183794,0.8376182,0.8731657,0.7530204,0.9321276,0.9033232,23.6,4.6,2.2,24.8
2,0.01,0.4,0.4,0.001,689,0.24599935114383698,0.8706060647964478,0.8618633,0.8842907,0.85743904,0.8725065,0.7411318,0.9570812,0.947348,18.8,3.2,2.6,20.2,0.2969443917274475,0.8951298594474792,0.89230967,0.92102873,0.8621808,0.90624416,0.7869443,0.955037,0.96067536,21.6,3.4,2.4,27.8
3,0.01,0.4,0.4,0.001,689,0.2594423681497574,0.9018181920051574,0.8818218,0.94103354,0.85778177,0.9101971,0.8038966,0.94062537,0.9347149,17.8,3.0,1.4,22.6,0.2777860999107361,0.8843506574630737,0.88286984,0.90386933,0.8684126,0.8905276,0.7728803,0.9479443,0.9379606,22.4,3.6,2.8,26.4
4,0.01,0.4,0.4,0.001,689,0.2934754490852356,0.8438383936882019,0.84433335,0.86676025,0.820051,0.85469806,0.687398,0.93166506,0.9349893,17.2,3.8,3.2,20.6,0.29256177842617037,0.8874675393104553,0.84507054,0.949186,0.82689285,0.8934401,0.78247386,0.9530055,0.94060105,23.0,4.8,1.4,26.0
0,0.001,0.0,0.0,0.001,689,0.2457708701491356,0.915353536605835,0.92663765,0.91956073,0.9102825,0.9230298,0.8289052,0.9610079,0.9649092,18.4,1.8,2.0,22.6,0.2664739042520523,0.887597405910492,0.8773879,0.92462987,0.8407197,0.8990108,0.77550966,0.96005803,0.961887,21.6,4.0,2.2,27.4
1,0.001,0.0,0.0,0.001,689,0.2910421878099442,0.8479798078536988,0.87777776,0.8329117,0.8639766,0.852502,0.6962191,0.9348787,0.9295384,18.0,2.8,4.0,20.0,0.29398010671138763,0.880129873752594,0.8441213,0.9125292,0.8435203,0.8767988,0.75973356,0.9331768,0.89876574,23.8,4.4,2.2,24.8
2,0.001,0.0,0.0,0.001,689,0.2515180498361588,0.8660606145858765,0.84631616,0.888961,0.8400148,0.8665385,0.7329215,0.95275724,0.9465389,18.4,3.6,2.4,20.4,0.2998920291662216,0.8951948046684265,0.89590406,0.91496813,0.8711411,0.9050859,0.7876627,0.95241296,0.9550667,21.8,3.2,2.6,27.6
3,0.001,0.0,0.0,0.001,689,0.2585516035556793,0.8973737478256225,0.8871438,0.925649,0.86687267,0.9056408,0.79401433,0.9478804,0.9441037,18.0,2.8,1.8,22.2,0.27909939289093016,0.8699350595474243,0.8762911,0.87361926,0.86717194,0.8741743,0.73926365,0.94887865,0.94512814,22.4,3.6,3.6,25.6
4,0.001,0.0,0.0,0.001,689,0.2986824452877045,0.8439393997192383,0.84466666,0.86566937,0.8210535,0.85463464,0.6868818,0.93180084,0.93687123,17.2,3.8,3.2,20.6,0.2903514504432678,0.8802597284317016,0.84180754,0.9343712,0.8276683,0.88515425,0.7665054,0.9556742,0.9410883,23.0,4.8,1.8,25.6
0,0.001,0.0,0.2,0.001,689,0.24577493816614152,0.9109090924263,0.90577775,0.9359487,0.88114154,0.9203905,0.8200501,0.9618128,0.96585864,17.8,2.4,1.6,23.0,0.2706384390592575,0.8803246736526489,0.8781411,0.91129655,0.8403864,0.89164674,0.7631117,0.9571451,0.95838106,21.6,4.0,2.6,27.0
1,0.001,0.0,0.2,0.001,689,0.2893742561340332,0.856969702243805,0.8726896,0.8597635,0.8539766,0.86424553,0.71270865,0.93328714,0.929365,17.8,3.0,3.4,20.6,0.2927926599979401,0.880129873752594,0.8398431,0.9189808,0.835828,0.8772906,0.76103514,0.93432826,0.90022373,23.6,4.6,2.0,25.0
2,0.001,0.0,0.2,0.001,689,0.25029258131980897,0.8571717262268066,0.8448005,0.8729354,0.8400148,0.8580483,0.71442664,0.9551546,0.9487708,18.4,3.6,2.8,20.0,0.304227152466774,0.8951948046684265,0.9009091,0.9078253,0.8798367,0.90392035,0.7883027,0.95427716,0.95660937,22.0,3.0,2.8,27.4
3,0.001,0.0,0.2,0.001,689,0.25600590109825133,0.9062626361846924,0.8889443,0.94103354,0.8683082,0.9138255,0.81301916,0.9466807,0.9400889,18.0,2.8,1.4,22.6,0.2786189764738083,0.8590909004211426,0.8629408,0.87516767,0.8465764,0.866819,0.7207674,0.9493691,0.9457224,21.8,4.2,3.6,25.6
4,0.001,0.0,0.2,0.001,689,0.29932149648666384,0.8483838438987732,0.8463333,0.87476027,0.8210535,0.85963,0.69654405,0.92932147,0.93308514,17.2,3.8,3.0,20.8,0.29572626054286955,0.8802597284317016,0.84180754,0.9343712,0.8276683,0.88515425,0.7665054,0.9543878,0.9396669,23.0,4.8,1.8,25.6
0,0.001,0.0,0.4,0.001,689,0.24547566324472428,0.9109090924263,0.90577775,0.9359487,0.88114154,0.9203905,0.8200501,0.963529,0.96618223,17.8,2.4,1.6,23.0,0.276057043671608,0.8839610457420349,0.88531876,0.9044,0.8561044,0.8932148,0.7681902,0.9544924,0.95250463,22.0,3.6,2.8,26.8
1,0.001,0.0,0.4,0.001,689,0.2882380872964859,0.8703030347824097,0.8831464,0.87486327,0.8639766,0.8761791,0.7409137,0.9374154,0.9333483,18.0,2.8,3.0,21.0,0.28987601697444915,0.8693506479263305,0.8189948,0.9276765,0.80675733,0.8698166,0.74242723,0.9307849,0.9023172,22.8,5.4,1.8,25.2
2,0.001,0.0,0.4,0.001,689,0.2508108466863632,0.8839393973350524,0.8636576,0.90876627,0.85668147,0.88524884,0.7687314,0.9582961,0.9518422,18.8,3.2,2.0,20.8,0.29909118413925173,0.8951948046684265,0.9009091,0.9078253,0.8798367,0.90392035,0.7883027,0.9542557,0.95778817,22.0,3.0,2.8,27.4
3,0.001,0.0,0.4,0.001,689,0.2642815262079239,0.9018181920051574,0.88233453,0.94103354,0.8553438,0.9103745,0.8038661,0.94260406,0.93638515,17.8,3.0,1.4,22.6,0.28080500066280367,0.880779218673706,0.8773925,0.90276587,0.8617237,0.8877732,0.7644315,0.946677,0.9392952,22.2,3.8,2.8,26.4
4,0.001,0.0,0.4,0.001,689,0.2981611847877502,0.8437373757362365,0.84466666,0.86676013,0.8192229,0.85516703,0.68627405,0.92687255,0.9291932,17.2,3.8,3.2,20.6,0.2985217958688736,0.8838311672210694,0.84392107,0.9420635,0.82740384,0.88923275,0.7755588,0.9524886,0.93738157,23.0,4.8,1.6,25.8
0,0.001,0.2,0.0,0.001,689,0.24598319381475447,0.915353536605835,0.92663765,0.91956073,0.9102825,0.9230298,0.8289052,0.96222246,0.96811944,18.4,1.8,2.0,22.6,0.2647266983985901,0.8948701381683349,0.886865,0.92462987,0.8573864,0.904338,0.7896713,0.959524,0.96081007,22.0,3.6,2.2,27.4
1,0.001,0.2,0.0,0.001,689,0.29013635516166686,0.8479798078536988,0.8696726,0.84031904,0.8565692,0.8523715,0.69555223,0.9336132,0.93131685,17.8,3.0,3.8,20.2,0.29191029369831084,0.880129873752594,0.8441213,0.9125292,0.8435203,0.8767988,0.75973356,0.9329775,0.8994371,23.8,4.4,2.2,24.8
2,0.001,0.2,0.0,0.001,689,0.2501302123069763,0.8660606145858765,0.84631616,0.888961,0.8400148,0.8665385,0.7329215,0.953138,0.9487854,18.4,3.6,2.4,20.4,0.3044332444667816,0.8842857122421265,0.88329995,0.9078253,0.854112,0.89509284,0.76557595,0.9526765,0.9551185,21.4,3.6,2.8,27.4
3,0.001,0.2,0.0,0.001,689,0.25454220473766326,0.9018181920051574,0.8876273,0.9333413,0.86687267,0.90939474,0.80412066,0.949111,0.94577664,18.0,2.8,1.6,22.4,0.27737443149089813,0.8662986874580383,0.8729742,0.87516767,0.86072034,0.87235165,0.73424053,0.95016557,0.94673663,22.2,3.8,3.6,25.6
4,0.001,0.2,0.0,0.001,689,0.30000360012054444,0.8483838438987732,0.8463333,0.87476027,0.8210535,0.85963,0.69654405,0.9298215,0.93348086,17.2,3.8,3.0,20.8,0.2917993515729904,0.8766233682632446,0.8365046,0.9343712,0.8202608,0.8820941,0.76013166,0.9554285,0.94107854,22.8,5.0,1.8,25.6
0,0.001,0.2,0.2,0.001,689,0.24609434753656387,0.9109090924263,0.90577775,0.9359487,0.88114154,0.9203905,0.8200501,0.9626177,0.96824664,17.8,2.4,1.6,23.0,0.2743873238563538,0.891233766078949,0.8929659,0.91129655,0.86538637,0.8998586,0.7843522,0.9565914,0.9566604,22.2,3.4,2.6,27.0
1,0.001,0.2,0.2,0.001,689,0.2888660728931427,0.8702020287513733,0.88255894,0.874245,0.86138403,0.8775732,0.7366634,0.9341065,0.93278086,18.0,2.8,3.0,21.0,0.2914886027574539,0.8837662458419799,0.84138155,0.92731416,0.835828,0.88202536,0.76895744,0.9334965,0.90154237,23.6,4.6,1.8,25.2
2,0.001,0.2,0.2,0.001,689,0.24892550110816955,0.8705050587654114,0.85378104,0.8901516,0.84834814,0.871058,0.7414939,0.95671684,0.9502481,18.6,3.4,2.4,20.4,0.30243496894836425,0.8951948046684265,0.9009091,0.9078253,0.8798367,0.90392035,0.7883027,0.9532037,0.9562632,22.0,3.0,2.8,27.4
3,0.001,0.2,0.2,0.001,689,0.25802845060825347,0.9019191980361938,0.88818514,0.93517286,0.86687267,0.91032994,0.8045465,0.95034397,0.9468948,18.0,2.8,1.6,22.4,0.27818325757980344,0.8735064744949341,0.88082093,0.8831676,0.8684127,0.8796711,0.7501074,0.9517132,0.95016557,22.4,3.6,3.4,25.8
4,0.001,0.2,0.2,0.001,689,0.3013855814933777,0.8439393997192383,0.8453334,0.86676025,0.8210535,0.85505855,0.6879953,0.92775667,0.93019706,17.2,3.8,3.2,20.6,0.2959643691778183,0.88032466173172,0.84137744,0.9343712,0.827422,0.88513106,0.7661807,0.95435935,0.9395426,23.0,4.8,1.8,25.6
0,0.001,0.2,0.4,0.001,689,0.24607221484184266,0.915353536605835,0.9126154,0.9359487,0.89166784,0.9238739,0.82932204,0.96187747,0.96632445,18.0,2.2,1.6,23.0,0.27412874400615694,0.8803246736526489,0.87983304,0.9044,0.8490531,0.89032,0.76110715,0.9552926,0.95381105,21.8,3.8,2.8,26.8
1,0.001,0.2,0.4,0.001,689,0.2879028022289276,0.8613131403923034,0.8816775,0.8625413,0.86138403,0.87032163,0.72176325,0.93612564,0.9353954,18.0,2.8,3.4,20.6,0.29174857437610624,0.8801948189735412,0.83150816,0.93600976,0.8224352,0.8804191,0.7642829,0.9310155,0.89204395,23.2,5.0,1.6,25.4
2,0.001,0.2,0.4,0.001,689,0.2501091033220291,0.8929293036460877,0.8718883,0.9170996,0.8657724,0.89370555,0.78629494,0.9579073,0.9504488,19.0,3.0,1.8,21.0,0.29825937151908877,0.8988311648368835,0.9021406,0.91496813,0.8798367,0.90805566,0.79562366,0.95345944,0.957497,22.0,3.0,2.6,27.6
3,0.001,0.2,0.4,0.001,689,0.2628631412982941,0.9063636422157287,0.88837034,0.942224,0.86687267,0.9140251,0.81332177,0.94187176,0.93203974,18.0,2.8,1.4,22.6,0.28246301114559175,0.8770779252052308,0.87223494,0.90386933,0.853028,0.8851944,0.7579919,0.94773304,0.9417375,22.0,4.0,2.8,26.4
4,0.001,0.2,0.4,0.001,689,0.3003359794616699,0.839393949508667,0.838,0.86676025,0.8105272,0.8514668,0.67827815,0.9269274,0.92894375,17.0,4.0,3.2,20.6,0.29721945226192475,0.8802597284317016,0.84180754,0.9343712,0.8276683,0.88515425,0.7665054,0.9530069,0.9378446,23.0,4.8,1.8,25.6
0,0.001,0.4,0.0,0.001,689,0.24601327627897263,0.9109090924263,0.91866666,0.9199231,0.90075874,0.9191369,0.8201221,0.96181756,0.96797216,18.2,2.0,2.0,22.6,0.26811839640140533,0.891233766078949,0.8929659,0.91129655,0.86538637,0.8998586,0.7843522,0.9592377,0.95998037,22.2,3.4,2.6,27.0
1,0.001,0.4,0.0,0.001,689,0.28984443545341493,0.8792929291725159,0.89874077,0.87457836,0.881384,0.8844126,0.75792545,0.9331595,0.9366536,18.4,2.4,3.0,21.0,0.2931543469429016,0.8802597522735596,0.8373793,0.93111104,0.82868516,0.88133395,0.7635287,0.9344164,0.90349877,23.4,4.8,1.8,25.2
2,0.001,0.4,0.0,0.001,689,0.2519836246967316,0.8571717262268066,0.83820707,0.88062775,0.8294886,0.8583333,0.7149447,0.9539317,0.9494008,18.2,3.8,2.6,20.2,0.3035552203655243,0.8951948165893555,0.9005438,0.9078253,0.87947434,0.90402603,0.7874551,0.95241195,0.9550659,22.0,3.0,2.8,27.4
3,0.001,0.4,0.0,0.001,689,0.2546914845705032,0.9062626361846924,0.9018873,0.925649,0.8879253,0.9127177,0.813408,0.94829446,0.94120806,18.4,2.4,1.8,22.2,0.27817094027996064,0.8663636207580566,0.8832022,0.86071604,0.876746,0.8699867,0.73524487,0.9499103,0.94704354,22.6,3.4,4.0,25.2
4,0.001,0.4,0.0,0.001,689,0.30135166049003603,0.8439393997192383,0.8453334,0.86676025,0.8210535,0.85505855,0.6879953,0.9285536,0.9315646,17.2,3.8,3.2,20.6,0.2948638588190079,0.8839610338211059,0.84266776,0.94177854,0.827422,0.88912374,0.7741927,0.95463276,0.93980217,23.0,4.8,1.6,25.8
0,0.001,0.4,0.2,0.001,689,0.24616240411996843,0.9064646482467651,0.91094875,0.91891974,0.89166784,0.91484946,0.8109307,0.9630774,0.96909845,18.0,2.2,2.0,22.6,0.2754487872123718,0.887597405910492,0.88994896,0.9044,0.8650786,0.89586556,0.7752385,0.95715076,0.95625365,22.2,3.4,2.8,26.8
1,0.001,0.4,0.2,0.001,689,0.28740662038326265,0.8658585906028747,0.891094,0.8597635,0.871384,0.87272185,0.7319056,0.9349332,0.93169415,18.2,2.6,3.4,20.6,0.2934902995824814,0.8766233801841736,0.8297149,0.92731416,0.82154226,0.87558854,0.7559727,0.9343008,0.8984442,23.2,5.0,1.8,25.2
2,0.001,0.4,0.2,0.001,689,0.2488873779773712,0.8661616206169128,0.8426138,0.90107393,0.8294886,0.87025976,0.73397,0.95591545,0.9507874,18.2,3.8,2.2,20.6,0.31414182782173156,0.8915584444999695,0.90067923,0.90157527,0.8798367,0.9004302,0.7816737,0.95347327,0.95616454,22.0,3.0,3.0,27.2
3,0.001,0.4,0.2,0.001,689,0.25938391387462617,0.8973737478256225,0.8810998,0.9333413,0.8563464,0.9062106,0.7941911,0.94382745,0.93707484,17.8,3.0,1.6,22.4,0.2720971703529358,0.8662337541580201,0.87308216,0.8756126,0.8594796,0.87260056,0.7338916,0.9493612,0.9442735,22.2,3.8,3.6,25.6
4,0.001,0.4,0.2,0.001,689,0.30133400559425355,0.8439393997192383,0.8453334,0.86676025,0.8210535,0.85505855,0.6879953,0.92812777,0.93172395,17.2,3.8,3.2,20.6,0.298273304104805,0.8766883015632629,0.8360011,0.9343712,0.82052547,0.88199824,0.7598747,0.953565,0.9391569,22.8,5.0,1.8,25.6
0,0.001,0.4,0.4,0.001,689,0.2461729273200035,0.9109090924263,0.90577775,0.9359487,0.88114154,0.9203905,0.8200501,0.9627081,0.9666764,17.8,2.4,1.6,23.0,0.2741630285978317,0.887597405910492,0.8907568,0.9044,0.86507875,0.89613783,0.7753398,0.9555607,0.9544366,22.2,3.4,2.8,26.8
1,0.001,0.4,0.4,0.001,689,0.2892638653516769,0.8703030347824097,0.8835276,0.8751709,0.86138403,0.8782547,0.73730457,0.9365524,0.9332382,18.0,2.8,3.0,21.0,0.2906238079071045,0.8766233801841736,0.8255781,0.9363721,0.81509066,0.87725514,0.7579428,0.9318024,0.8975809,23.0,5.2,1.6,25.4
2,0.001,0.4,0.4,0.001,689,0.24781717360019684,0.8706060647964478,0.84384453,0.90940726,0.8294886,0.8748312,0.74321944,0.9567172,0.9500116,18.2,3.8,2.0,20.8,0.3015992701053619,0.8988311648368835,0.9021406,0.91496813,0.8798367,0.90805566,0.79562366,0.9526472,0.95601064,22.0,3.0,2.6,27.6
3,0.001,0.4,0.4,0.001,689,0.26443477869033816,0.9019191980361938,0.8820313,0.9428651,0.8573489,0.9109613,0.8044979,0.9414576,0.9347168,17.8,3.0,1.4,22.6,0.2778857797384262,0.8771428465843201,0.88190585,0.89006424,0.86941606,0.88361853,0.7576591,0.9479868,0.9439642,22.4,3.6,3.2,26.0
4,0.001,0.4,0.4,0.001,689,0.29989624619483946,0.839393949508667,0.838,0.86676025,0.8105272,0.8514668,0.67827815,0.9261063,0.9281529,17.0,4.0,3.2,20.6,0.2981910139322281,0.8838960886001587,0.8430172,0.9420635,0.8276683,0.88902605,0.7751147,0.9522133,0.9366515,23.0,4.8,1.6,25.8
0,0.0001,0.0,0.0,0.001,689,0.24525350630283355,0.9020202040672303,0.9108651,0.9112274,0.89066535,0.91088045,0.8019274,0.9594511,0.9607251,18.0,2.2,2.2,22.4,0.2714560806751251,0.891233766078949,0.8808979,0.92462987,0.84874535,0.90143883,0.78180575,0.96092814,0.9601967,21.8,3.8,2.2,27.4
1,0.0001,0.0,0.0,0.001,689,0.2913013070821762,0.8791919231414795,0.8919773,0.87887466,0.871384,0.8835646,0.7558762,0.94052154,0.94547576,18.2,2.6,2.8,21.2,0.2877375602722168,0.8911038994789123,0.8483302,0.93600976,0.8451088,0.88983047,0.7840406,0.9335213,0.90606725,23.8,4.4,1.6,25.4
2,0.0001,0.0,0.0,0.001,689,0.2589804410934448,0.8661616206169128,0.8407711,0.8980519,0.8294886,0.86771506,0.73413754,0.9547906,0.949417,18.2,3.8,2.2,20.6,0.2923086792230606,0.8877922058105469,0.87437534,0.92708933,0.8391994,0.89991367,0.77252716,0.9547618,0.9581639,21.0,4.0,2.2,28.0
3,0.0001,0.0,0.0,0.001,689,0.2717889606952667,0.8929293036460877,0.8912463,0.9179567,0.86687267,0.90084773,0.79225075,0.94504946,0.94292593,18.0,2.8,2.0,22.0,0.27115092277526853,0.8807142853736878,0.8853111,0.8889607,0.87526786,0.88563395,0.76269877,0.9479868,0.94477236,22.6,3.4,3.2,26.0
4,0.0001,0.0,0.0,0.001,689,0.3023638427257538,0.8395959734916687,0.8474058,0.84939784,0.8297492,0.8479355,0.67872256,0.9292761,0.93516254,17.4,3.6,3.6,20.2,0.2918203413486481,0.8875324606895447,0.8527012,0.9343712,0.8417077,0.8912946,0.77960396,0.95226115,0.9402401,23.4,4.4,1.8,25.6
0,0.0001,0.0,0.2,0.001,689,0.24359443932771682,0.9063636422157287,0.9048718,0.9282564,0.88013905,0.9161583,0.8107568,0.96268046,0.9660715,17.8,2.4,1.8,22.8,0.26683072447776796,0.887597405910492,0.8814985,0.9179632,0.8490531,0.89789355,0.7757007,0.95798,0.9565458,21.8,3.8,2.4,27.2
1,0.0001,0.0,0.2,0.001,689,0.2899901807308197,0.8703030347824097,0.8908784,0.8640598,0.871384,0.87560576,0.7380163,0.94097507,0.94086915,18.2,2.6,3.2,20.8,0.2886241674423218,0.8874675393104553,0.8380389,0.9447055,0.83116657,0.8879944,0.7791132,0.9326431,0.90354264,23.4,4.8,1.4,25.6
2,0.0001,0.0,0.2,0.001,689,0.25286528170108796,0.8661616206169128,0.8407711,0.8980519,0.8294886,0.86771506,0.73413754,0.95717126,0.95096034,18.2,3.8,2.2,20.6,0.2948221147060394,0.8914935111999511,0.8857522,0.92102873,0.85540026,0.90263873,0.78066033,0.9542535,0.9581131,21.4,3.6,2.4,27.8
3,0.0001,0.0,0.2,0.001,689,0.26707940399646757,0.8973737478256225,0.88209516,0.9333413,0.8567793,0.9060632,0.7961978,0.94264287,0.93635637,17.8,3.0,1.6,22.4,0.27539433538913727,0.8807142734527588,0.8795537,0.9049608,0.8617237,0.8888795,0.7666976,0.9477431,0.9416362,22.2,3.8,2.8,26.4
4,0.0001,0.0,0.2,0.001,689,0.29900811314582826,0.8350505113601685,0.8422464,0.84973115,0.8210535,0.8451462,0.67025447,0.9301651,0.9351381,17.2,3.8,3.6,20.2,0.292900425195694,0.8802597284317016,0.84180754,0.9343712,0.8276683,0.88515425,0.7665054,0.9532816,0.9384068,23.0,4.8,1.8,25.6
0,0.0001,0.0,0.4,0.001,689,0.24669026732444763,0.9063636422157287,0.89839315,0.9359487,0.8706152,0.91662586,0.8107975,0.9606432,0.96545136,17.6,2.6,1.6,23.0,0.27123391926288604,0.887597405910492,0.8814985,0.9179632,0.8490531,0.89789355,0.7757007,0.95718414,0.95530164,21.8,3.8,2.4,27.2
1,0.0001,0.0,0.4,0.001,689,0.29480908811092377,0.8703030347824097,0.8911959,0.86375207,0.871384,0.87463474,0.7400614,0.9365171,0.927272,18.2,2.6,3.2,20.8,0.29171658456325533,0.8838961005210877,0.8330754,0.9447055,0.822142,0.8852941,0.7719992,0.9304179,0.8954315,23.2,5.0,1.4,25.6
2,0.0001,0.0,0.4,0.001,689,0.25481331050395967,0.8883838415145874,0.8593087,0.92662334,0.84615517,0.891502,0.77846885,0.9583453,0.9516922,18.6,3.4,1.6,21.2,0.289652356505394,0.8987662315368652,0.89751464,0.92102873,0.87242925,0.90858924,0.7955747,0.9550541,0.9589683,21.8,3.2,2.4,27.8
3,0.0001,0.0,0.4,0.001,689,0.26699875593185424,0.8929293036460877,0.88142854,0.925649,0.8567793,0.90167105,0.78796613,0.9410211,0.9326537,17.8,3.0,1.8,22.2,0.2751720190048218,0.8771428465843201,0.87773913,0.89696074,0.8617237,0.8846189,0.75812495,0.946731,0.93749297,22.2,3.8,3.0,26.2
4,0.0001,0.0,0.4,0.001,689,0.29992799162864686,0.8305050611495972,0.84152174,0.8417312,0.8210535,0.8405544,0.6618415,0.9289004,0.9335143,17.2,3.8,3.8,20.0,0.2968747168779373,0.8838961005210877,0.84771883,0.9343712,0.83507574,0.88816184,0.77373475,0.9517023,0.93512994,23.2,4.6,1.8,25.6
0,0.0001,0.2,0.0,0.001,689,0.24321915656328202,0.9020202040672303,0.9108651,0.9112274,0.89066535,0.91088045,0.8019274,0.9626724,0.96581316,18.0,2.2,2.2,22.4,0.26456627547740935,0.891233766078949,0.88637245,0.9179632,0.8573864,0.90059745,0.7828147,0.9608922,0.96025765,22.0,3.6,2.4,27.2
1,0.0001,0.2,0.0,0.001,689,0.29000201225280764,0.8747474789619446,0.8915011,0.8708747,0.871384,0.8785404,0.7484726,0.9377057,0.9361698,18.2,2.6,3.0,21.0,0.2885046452283859,0.8838311672210694,0.8403301,0.92731416,0.8388588,0.8814972,0.769235,0.9313574,0.90055263,23.6,4.6,1.8,25.2
2,0.0001,0.2,0.0,0.001,689,0.2538288921117783,0.8661616206169128,0.8407711,0.8980519,0.8294886,0.86771506,0.73413754,0.9563776,0.9503423,18.2,3.8,2.2,20.6,0.29392423331737516,0.8878571391105652,0.8799054,0.92102873,0.8467046,0.8997618,0.772848,0.9526826,0.9562575,21.2,3.8,2.4,27.8
3,0.0001,0.2,0.0,0.001,689,0.26571769416332247,0.8929293036460877,0.89211816,0.9179567,0.8673056,0.9010178,0.7928468,0.94668543,0.943215,18.0,2.8,2.0,22.0,0.2729687660932541,0.8662986874580383,0.87605774,0.8760575,0.8613613,0.87276477,0.73742026,0.94935036,0.94582576,22.2,3.8,3.6,25.6
4,0.0001,0.2,0.0,0.001,689,0.29957361817359923,0.8350505113601685,0.84107244,0.84939784,0.8210535,0.8443985,0.6703027,0.92934406,0.9347049,17.2,3.8,3.6,20.2,0.2898657709360123,0.8838961005210877,0.8473247,0.9343712,0.8348111,0.8881618,0.77329797,0.95410424,0.9389428,23.2,4.6,1.8,25.6
0,0.0001,0.2,0.2,0.001,689,0.24427941739559172,0.9019191980361938,0.8975385,0.9282564,0.8706152,0.9124168,0.8018508,0.959064,0.96356905,17.6,2.6,1.8,22.8,0.26815432608127593,0.887597405910492,0.8814985,0.9179632,0.8490531,0.89789355,0.7757007,0.95797557,0.9569601,21.8,3.8,2.4,27.2
1,0.0001,0.2,0.2,0.001,689,0.29155643582344054,0.8703030347824097,0.890972,0.8634672,0.871384,0.87463474,0.7392849,0.9410051,0.9397217,18.2,2.6,3.2,20.8,0.290690553188324,0.8801948070526123,0.8308371,0.93600976,0.8234742,0.8801926,0.7641016,0.93318224,0.90459424,23.2,5.0,1.6,25.4
2,0.0001,0.2,0.2,0.001,689,0.2532785654067993,0.8661616206169128,0.8407711,0.8980519,0.8294886,0.86771506,0.73413754,0.95717126,0.9518288,18.2,3.8,2.2,20.6,0.29132398664951326,0.8915584444999695,0.89109755,0.91496813,0.86409587,0.90217113,0.78159153,0.9547969,0.9574955,21.6,3.4,2.6,27.6
3,0.0001,0.2,0.2,0.001,689,0.2641515672206879,0.8973737478256225,0.8893995,0.925649,0.8673056,0.9052628,0.7980766,0.943443,0.9383885,18.0,2.8,1.8,22.2,0.27509666681289674,0.8770779132843017,0.8790611,0.8985092,0.8617237,0.8851506,0.76009023,0.9475052,0.941856,22.2,3.8,3.0,26.2
4,0.0001,0.2,0.2,0.001,689,0.30035415291786194,0.8394949555397033,0.84333336,0.85842687,0.8210535,0.84995663,0.679258,0.9293989,0.93469465,17.2,3.8,3.4,20.4,0.29404684603214265,0.8766883015632629,0.8360011,0.9343712,0.82052547,0.88199824,0.7598747,0.95432967,0.9392578,22.8,5.0,1.8,25.6
0,0.0001,0.2,0.4,0.001,689,0.24633126556873322,0.9019191980361938,0.89772654,0.92725307,0.8706152,0.9121933,0.80135727,0.95986426,0.96308774,17.6,2.6,1.8,22.8,0.2747093439102173,0.891233766078949,0.8866121,0.9179632,0.85674536,0.9007491,0.7825135,0.95637,0.9547461,22.0,3.6,2.4,27.2
1,0.0001,0.2,0.4,0.001,689,0.29321526288986205,0.8703030347824097,0.89170945,0.86717093,0.871384,0.87693083,0.7401371,0.93732834,0.9286224,18.2,2.6,3.2,20.8,0.2927439510822296,0.8766233801841736,0.8224136,0.9447055,0.80675733,0.8792571,0.7589274,0.92964107,0.8923289,22.8,5.4,1.4,25.6
2,0.0001,0.2,0.4,0.001,689,0.2572404325008392,0.8794949531555176,0.8456723,0.92662334,0.8294886,0.8840602,0.76207536,0.95715487,0.9504258,18.2,3.8,1.6,21.2,0.2901669591665268,0.8915584444999695,0.89109755,0.91496813,0.86409587,0.90217113,0.78159153,0.9542593,0.9565511,21.6,3.4,2.6,27.6
3,0.0001,0.2,0.4,0.001,689,0.27148769795894623,0.8973737478256225,0.88789004,0.925649,0.8658702,0.90524244,0.79627603,0.93741494,0.9265615,18.0,2.8,1.8,22.2,0.280897256731987,0.8843506336212158,0.8799569,0.91121083,0.8617237,0.89225245,0.77383095,0.9453586,0.9339879,22.2,3.8,2.6,26.6
4,0.0001,0.2,0.4,0.001,689,0.3008680522441864,0.8483838438987732,0.8508361,0.86573124,0.8297492,0.85781,0.6958951,0.92810833,0.93270224,17.4,3.6,3.2,20.6,0.2986183077096939,0.8766883015632629,0.8360011,0.9343712,0.82052547,0.88199824,0.7598747,0.95168275,0.9356699,22.8,5.0,1.8,25.6
0,0.0001,0.4,0.0,0.001,689,0.24423604160547258,0.9109090924263,0.9186088,0.9199231,0.9011916,0.9187821,0.8209559,0.9610627,0.965644,18.2,2.0,2.0,22.6,0.265407657623291,0.891233766078949,0.88637245,0.9179632,0.8573864,0.90059745,0.7828147,0.9592842,0.95856476,22.0,3.6,2.4,27.2
1,0.0001,0.4,0.0,0.001,689,0.29035125076770785,0.8703030347824097,0.890972,0.8634672,0.871384,0.87463474,0.7392849,0.9380657,0.93967456,18.2,2.6,3.2,20.8,0.2879990845918655,0.8911038994789123,0.8438857,0.9447055,0.8388588,0.8911638,0.7858917,0.9332479,0.9043549,23.6,4.6,1.4,25.6
2,0.0001,0.4,0.0,0.001,689,0.2535004377365112,0.8661616206169128,0.8407711,0.8980519,0.8294886,0.86771506,0.73413754,0.9559644,0.94963425,18.2,3.8,2.2,20.6,0.29215591549873354,0.8915584444999695,0.8903869,0.91496813,0.86373365,0.9021821,0.7805841,0.95399606,0.9577449,21.6,3.4,2.6,27.6
3,0.0001,0.4,0.0,0.001,689,0.26788165271282194,0.9018181920051574,0.90455675,0.9179567,0.88692284,0.90796584,0.8095032,0.9458914,0.9403509,18.4,2.4,2.0,22.0,0.27851592004299164,0.8698701143264771,0.8808853,0.8760575,0.86781293,0.87559307,0.7436287,0.9501383,0.9474255,22.4,3.6,3.6,25.6
4,0.0001,0.4,0.0,0.001,689,0.3003094673156738,0.8394949555397033,0.84215945,0.85809356,0.8210535,0.84920883,0.6793062,0.9302231,0.9344962,17.2,3.8,3.4,20.4,0.2904838025569916,0.8766883015632629,0.8360011,0.9343712,0.82052547,0.88199824,0.7598747,0.95433915,0.9389715,22.8,5.0,1.8,25.6
0,0.0001,0.4,0.2,0.001,689,0.2459379255771637,0.9064646482467651,0.9110001,0.9199231,0.89166784,0.9150588,0.8117405,0.96145296,0.96565264,18.0,2.2,2.0,22.6,0.26820531487464905,0.887597405910492,0.8814985,0.9179632,0.8490531,0.89789355,0.7757007,0.9566118,0.95513093,21.8,3.8,2.4,27.2
1,0.0001,0.4,0.2,0.001,689,0.29247345626354215,0.8747474789619446,0.8915011,0.8708747,0.871384,0.8785404,0.7484726,0.9389572,0.93813527,18.2,2.6,3.0,21.0,0.2920013964176178,0.8801948189735412,0.82737714,0.9447055,0.8157819,0.8819574,0.76604146,0.9305003,0.89457166,23.0,5.2,1.4,25.6
2,0.0001,0.4,0.2,0.001,689,0.2548339933156967,0.8794949531555176,0.8456723,0.92662334,0.8294886,0.8840602,0.76207536,0.95716286,0.95079434,18.2,3.8,1.6,21.2,0.294416743516922,0.8915584444999695,0.89109755,0.91496813,0.86409587,0.90217113,0.78159153,0.95504504,0.95785695,21.6,3.4,2.6,27.6
3,0.0001,0.4,0.2,0.001,689,0.2675898283720016,0.9062626361846924,0.90455675,0.925649,0.88692284,0.9125757,0.81678736,0.94347894,0.9386412,18.4,2.4,1.8,22.2,0.27826649844646456,0.873506486415863,0.8801386,0.8825091,0.8681753,0.8793027,0.74937314,0.9483067,0.9447545,22.4,3.6,3.4,25.8
4,0.0001,0.4,0.2,0.001,689,0.3011800289154053,0.8394949555397033,0.84324634,0.8577312,0.8210535,0.8497176,0.6788032,0.92814046,0.9336351,17.2,3.8,3.4,20.4,0.29485494196414946,0.8838311672210694,0.8480145,0.9343712,0.8348112,0.88842106,0.77332324,0.95433915,0.9400922,23.2,4.6,1.8,25.6
0,0.0001,0.4,0.4,0.001,689,0.2472938746213913,0.897474753856659,0.89653844,0.9199231,0.8706152,0.907825,0.79289955,0.9610852,0.9655479,17.6,2.6,2.0,22.6,0.27242479026317595,0.887597405910492,0.8812645,0.9179632,0.84841204,0.8978645,0.7754348,0.9555559,0.9534966,21.8,3.8,2.4,27.2
1,0.0001,0.4,0.4,0.001,689,0.2972524017095566,0.8703030347824097,0.8911959,0.86375207,0.871384,0.87463474,0.7400614,0.9344759,0.92213744,18.2,2.6,3.2,20.8,0.2939055472612381,0.8766233801841736,0.8224136,0.9447055,0.80675733,0.8792571,0.7589274,0.9285499,0.8894804,22.8,5.4,1.4,25.6
2,0.0001,0.4,0.4,0.001,689,0.259234744310379,0.8794949531555176,0.8456723,0.92662334,0.8294886,0.8840602,0.76207536,0.95635283,0.94895154,18.2,3.8,1.6,21.2,0.2902730584144592,0.8915584444999695,0.89109755,0.91496813,0.86409587,0.90217113,0.78159153,0.9545186,0.9565012,21.6,3.4,2.6,27.6
3,0.0001,0.4,0.4,0.001,689,0.2711955428123474,0.8929293036460877,0.8805567,0.925649,0.8563464,0.9015009,0.7873701,0.9402009,0.9307723,17.8,3.0,1.8,22.2,0.278839710354805,0.8843506455421448,0.8806901,0.9118573,0.8617237,0.89258116,0.77465093,0.9472435,0.9353506,22.2,3.8,2.6,26.6
4,0.0001,0.4,0.4,0.001,689,0.30121434330940244,0.834949505329132,0.8425218,0.84973127,0.8210535,0.8451258,0.67039025,0.9277147,0.9315891,17.2,3.8,3.6,20.2,0.3002819299697876,0.8766883015632629,0.8360011,0.9343712,0.82052547,0.88199824,0.7598747,0.9516922,0.9364519,22.8,5.0,1.8,25.6
